僐乕僪,廋惓婡庬柤,審悢,戜悢,嵟彫抣,嵟戝抣,崌寁妟,拞怱壙奿,慜夞
p10249,倕丂搶嫗嬺庬,0,0,0,0,0,1169021,1128928
p10353,倕丂怴悽婭僄償傽儞僎儕僆儞丂乣偼偠傑傝偺婰壇乣,0,0,0,0,0,891166,932440
p10112,俹戝奀暔岅俆僗儁僔儍儖,0,0,0,0,0,851346,911904
p10311,倕彈恄偺僇僼僃僥儔僗,0,0,0,0,0,809220,983088
p10305,倕夊楾侾俀墿嬥婻巑嬌尷,0,0,0,0,0,692297,694236
p10429,倕丂杺朄彮彈傑偳偐仚儅僊僇俁丂帪娫慿峴乣巒傑傝偺婅偄乣,0,0,0,0,0,632307,623333
p10089,俹俙傢傫傢傫僷儔僟僀僗俠俤俴俤俛俼俙俿俬俷俶,0,0,0,0,0,594285,698947
p10309,倕恀丒堦婻摉愮乣孯恄妎惲乣俁侾俋戝擖傝倴倕倰丏,0,0,0,0,0,590444,570428
p10197,俹俙戝奀暔岅俆僽儔僢僋俴俿俋俋倴倕倰丏,0,0,0,0,0,564210,592666
p10382,俹俙惔棳暔岅係丂僂僉僂僉俈俋倴倕倰丏,0,0,0,0,0,555478,658928
p10154,俹僱僆儌儞僗僞乕僴僂僗丂俋俋倁倕倰丏,0,0,0,0,0,538125,544444
p9939,俹億僠僢偲堦敪両偍偩偰僽僞俀,0,0,0,0,0,466583,480944
p10389,俹俙栰惗偺墹崙俇,0,0,0,0,0,448750,453666
p10442,倕丂擳栘嶁係俇丂俬俬丂俽倂俤俤俿丂倁倕倰倱倝倧値,0,0,0,0,0,446666,455000
p10394,倕傛偆偙偦幚椡帄忋庡媊偺嫵幒傊,0,0,0,0,0,437739,584050
p10095,俹抏媴栙帵榐僇僀僕徖俆丂偞傢偭乧俈俋倁倕倰丏,0,0,0,0,0,418636,400714
p10069,俹俙僐儅僐儅嬩妝晹倵倝倲倛嶁杮搤旤丂俋俋妋曄儖乕僾倴倕倰丏,0,0,0,0,0,416250,431470
p10378,俹彮彈仚壧寑丂儗償儏乕僗僞傽儔僀僩丂俋俋丂俴俿俁侽侽侽,0,0,0,0,0,390000,450000
p10357,俹俙奀暔岅丂嬌俰俙俹俙俶丂倂倝倲倛僫僊僫儈,0,0,0,0,0,388071,379400
p10431,俹峌妅婡摦戉俽俙俠丵俀侽係俆丂俴俿俋俋倴倕倰丏,0,0,0,0,0,380000,400000
p10359,倕丂杒搇偺対侾侾丂朶嫢惎,0,0,0,0,0,368553,395128
p9982,俹僯儏乕僩僉僆俧俼俤俤俶,0,0,0,0,0,362272,405000
p10403,俹墿栧偪傖傑庻尷柍丂俋俋倴倕倰丏,0,0,0,0,0,362000,325000
p10434,俹丂俼倕丗僛儘偐傜巒傔傞堎悽奅惗妶丂倱倕倎倱倧値俀丂俀係俋倴倕倰丏,0,0,0,0,0,353928,380000
p10422,俹俙傁偪傫偙忔暔柡丂倵倝倲倛丂俠倄俛俤俼俰俙俹俙俶俢俙俶俠俤俼俽丂俀値倓丂倱倕倎倱倧値丂俈俈倴倕倰丏,0,0,0,0,0,352133,402500
p9960,俹儖僷儞嶰悽丂俿俫俤丂俥俬俼俽俿丂俋俋倴倕倰丏,0,0,0,0,0,351600,369333
p10408,俹慚棎僇僌儔丂侾俉俋戝擖傝倴倕倰丏,0,0,0,0,0,350454,384090
p10347,僨僇僗僞俹僔儏僞僀儞僘丒僎乕僩丂僛儘丂傑備偟偂偽乣偠傚傫,0,0,0,0,0,344333,337733
p10417,俹愴崙壋彈俈丂廔鄟偺娭儢尨丂俋俋倴倕倰丏,0,0,0,0,0,344000,394375
p10435,俹丂俼倕丗僛儘偐傜巒傔傞堎悽奅惗妶丂倱倕倎倱倧値俀丂侾俀俋倴倕倰丏,0,0,0,0,0,337741,301500
p10384,倕抧崠彮彈丂俈俆侽侽倁倕倰丏,0,0,0,0,0,335193,373040
p10235,僨僕僴僱俹杒搇偺対丂帨曣,0,0,0,0,0,333480,326653
p10326,俹丂傾僘乕儖儗乕儞丂俿俫俤丂俙俶俬俵俙俿俬俷俶丂堎師尦僩儕僈乕丂俈俋倴倕倰丏,0,0,0,0,0,332142,318000
p10288,俹俙僐儅僐儅嬩妝晹倵倝倲倛嶁杮搤旤丂俉俋俽俿倴倕倰丏,0,0,0,0,0,322300,301750
p9916,俹戝奀暔岅俆丂僽儔僢僋,0,0,0,0,0,314928,234285
p10398,倕丂僜乕僪傾乕僩丒僆儞儔僀儞丂慚岝偺婳愓丂俋俋倁倕倰丏,0,0,0,0,0,308000,313692
p10416,俹嶀偊側偄斵彈偺堢偰偐偨丂俋俋倴倕倰丏,0,0,0,0,0,305500,306428
p10153,俹僱僆儌儞僗僞乕僴僂僗丂侾俋俋倁倕倰丏,0,0,0,0,0,301250,305000
p10346,俹俙媊晽摪乆両両乣寭懕偲宑師乣俁丂俋俋倁倕倰丏,0,0,0,0,0,297375,268666
p10120,俹拞怷柧嵷丒壧昉揱愢乣俛俴俙俠俲丂俢俬倁俙垽乣,0,0,0,0,0,286375,297500
p10397,俹亂挻娒俴俿亃壺攙俼俼丂侾乛係俋亊俋俋倓倕梀僞僀儉,0,0,0,0,0,285727,308666
p10423,俹捝偄偺偼寵側偺偱杊屼椡偵嬌怳傝偟偨偄偲巚偄傑偡丅丂嬌怳傝侾俀俋倴倕倰,0,0,0,0,0,283200,286000
p10222,俹俙傂偖傜偟偺側偔崰偵丂椫夢揮惗俋俋倁倕倰丏,0,0,0,0,0,276666,262090
p9993,俹丂怴悽婭僄償傽儞僎儕僆儞丂乣枹棃傊偺欞欿乣丂俹俼俤俵俬倀俵丂俵俷俢俤俴,0,0,0,0,0,276428,251083
p10342,俹偼偹傕偺僼傽僀儞僾儗乕,0,0,0,0,0,273085,288608
p10294,俹亂挻娒俴俿亃朙娵偺偲偁傞僷僠儞僐偵偟傒偗傫嶲愴丂姶搙倀俹侾乛俁俋,0,0,0,0,0,266875,226666
p10439,倕儚儞僷儞儅儞俀乣惓媊幏峴,0,0,0,0,0,266666,307500
p10159,俹僴僱儌僲丂僼傽儈儕乕僗僞僕傾儉,0,0,0,0,0,266400,280000
p10343,俹丂搤偺僜僫僞丂俵倷丂俵倕倣倧倰倷丂俽倂俤俤俿丂倁倕倰倱倝倧値,0,0,0,0,0,265500,290375
p10182,俹俙壴偺宑師乣楐俋俋倴倕倰丏,0,0,0,0,0,245000,249146
p10018,俹抏媴栙帵榐僇僀僕徖俆丂挻梸朷侾俀俋亊俉俈亾倁倕倰丏,0,0,0,0,0,244250,252600
p10166,俹僎僎僎偺婼懢榊丂巶巕暠恦俋俋倁倕倰丏,0,0,0,0,0,241538,241450
p10413,倕傾僋僟儅僪儔僀僽,0,0,0,0,0,238133,286818
p10407,倕俥僟儞儀儖壗僉儘帩偰傞丠俀,0,0,0,0,0,234090,284285
p10445,僗儅僷僠丂俽俽俽俽丏俧俼俬俢俵俙俶丂儊僈俽俿俙俼俿丂侾俆俋倴倕倰丏,0,0,0,0,0,230000,276666
p10310,倕恀丒堦婻摉愮乣孯恄妎惲乣俁俋俇倴倕倰丏,0,0,0,0,0,229200,232750
p10333,僨僇僗僞俹僨價儖儅儞丂俿俫俤丂俥俬俶俙俴丂侾俈俋倴倕倰丏,0,0,0,0,0,224777,223285
p10377,俹亂挻娒俴俿亃偙偺慺惏傜偟偄悽奅偵廽暉傪両丂嵟廔僋僄僗僩侾乛係俋,0,0,0,0,0,212500,232250
p10402,俹墿栧偪傖傑庻尷柍丂俴俴僒僀僘丂俀俆俋倴倕倰丏,0,0,0,0,0,202631,376764
p10158,俹惔棳暔岅係丂僰僔傪媮傔偰係侽侽侽旵,0,0,0,0,0,197428,203260
p10317,俹儖僷儞嶰悽丂俷俶俤丂俠俷俴俴俤俠俿俬俷俶丂侾侽侽倴倕倰丏,0,0,0,0,0,196538,182275
p10412,俹丂僑僕儔懳僄償傽儞僎儕僆儞俀丂挻僨僇僔儖僶乕,0,0,0,0,0,195388,208111
p10240,俹俙堎悽奅杺墹偲彚姭彮彈偺搝楆杺弍丂晀姶俋俋倁倕倰丏,0,0,0,0,0,193333,129333
p10404,俹偊偲偨傑俀丂恄嵳丂姳巟娒,0,0,0,0,0,192500,222500
p10335,俹恀丒嵗摢巗暔岅丂俴俿俋俋倴倕倰丏,0,0,0,0,0,189562,189611
p10381,俹俥偆偨傢傟傞傕偺丂俴俿乚俴倝倗倛倲丂倴倕倰丏,0,0,0,0,0,186400,143272
p10111,倕戝奀暔岅俆僗儁僔儍儖,0,0,0,0,0,185212,157250
p10364,俹丂俼倕丗僛儘偐傜巒傔傞堎悽奅惗妶丂婼偑偐傝丂俋俋倴倕倰丏,43,47,0,0,0,182691,184234
p10400,倕丂峛揝忛偺僇僶僱儕俀丂嶇偐偣傗嶹慠,0,0,0,0,0,181567,248378
p10363,俹丂俼倕丗僛儘偐傜巒傔傞堎悽奅惗妶丂婼偑偐傝丂侾俋俋倴倕倰丏,0,0,0,0,0,180785,186150
p10279,倕堦曽捠峴丂偲偁傞杺弍偺嬛彂栚榐,0,0,0,0,0,175937,165178
p10316,俹愴崙壋彈俈丂廔鄟偺娭儢尨丂俴俴僒僀僘丂俀俋俋倴倕倰丏,0,0,0,0,0,174203,166166
p10185,俹俥僟儞僕儑儞偵弌夛偄傪媮傔傞偺偼娫堘偭偰偄傞偩傠偆偐俀,0,0,0,0,0,165000,148333
p10172,俹丂俧俷両俧俷両嫿丂崑梀偺俆,0,0,0,0,0,163142,152490
p10284,僨僇僗僞俹愴崙柍憃,0,0,0,0,0,161400,173166
p10337,俹俥偐傜偔傝僒乕僇僗俀丂俴倝倗倛倲丂倴倕倰丏,0,0,0,0,0,161371,170833
p10303,俹俙丂俠倄俛俷俼俧侽侽俋丂俼倀俴俤丂俷俥丂俽俙俠俼俬俥俬俠俤丂俴俿俋俋倁倕倰丏,0,0,0,0,0,157368,160250
p10411,倕丂僑僕儔懳僄償傽儞僎儕僆儞俀丂挻僨僇僑乕儖僪,0,0,0,0,0,156764,201923
p10321,俹僗乕僷乕奀暔岅俬俶壂撽俇,0,0,0,0,0,156507,166350
p10380,俹俥斵彈丄偍庁傝偟傑偡丂俴俿乚俴倝倗倛倲丂倴倕倰丏,0,0,0,0,0,156176,178166
p10433,倕夊楾侾侾乣嶀搰戝壨乣杺夲俛倀俼俽俿丂倁倕倰丏,0,0,0,0,0,155428,181891
p10264,俹旉抏偺傾儕傾乣旉旉恄崀椪乣俉俉倁倕倰丏,0,0,0,0,0,153571,118437
p10332,乣夢傞僿僜儚僀僪乣俹儂儚僀僩僔儍僇俼倀俽俫,0,0,0,0,0,145875,138750
p10365,倕偆偟偍偲偲傜乣恄偺偣俽俹俤俠乣侾俆侽倴倕倰丏,0,0,0,0,0,144272,166315
p10257,俹俙奀暔岅俁俼俁,0,0,0,0,0,142555,157133
p10241,俹丂俢俢杒搇偺対俁丂昐撍俋俋倴倕倰丏,0,0,0,0,0,142263,135250
p10219,俹奀暔岅丂嬌俰俙俹俙俶,0,0,0,0,0,140214,129518
p10367,俹揮惗偟偨傜僗儔僀儉偩偭偨審侾俀俋倴倕倰丏,0,0,0,0,0,139894,128000
p10114,俹俥偐傜偔傝僒乕僇僗俀丂塣柦倴倕倰丏,0,0,0,0,0,139166,141666
p10393,倕斖攏恘夊丂侾俋俋倴倕倰丏,0,0,0,0,0,136520,140888
p10212,俹彮彈仚壧寑丂儗償儏乕僗僞傽儔僀僩丂儔僢僉乕僩儕僈乕係俆侽侽,0,0,0,0,0,135666,127733
p10362,倕丂壖柺儔僀僟乕揹墹丂僨僇僿僜俀俁俋,0,0,0,0,0,135304,156210
p10419,俹丂壌偺枀偑偙傫側偵壜垽偄傢偗偑側偄丅峌棯両両僗僉僢僾侾俆俋倴倕倰丏,0,0,0,0,0,133875,140272
p10292,俹俥愴昉愨彞僔儞僼僅僊傾係丂俴俿乚俴倝倗倛倲丂倴倕倰丏,0,0,0,0,0,131000,82526
p10406,俹儕儞僌偵偐偗傠侾丂侾俀俋倴倕倰丏,0,0,0,0,0,130263,125904
p9965,俹俙丂俧俷両俧俷両嫿丂們倧倣倕倐倎們倠丂倱倲倎倗倕丂俈俈倴倕倰丏,0,0,0,0,0,128647,133000
p10237,俹亂挻娒俴俿亃峕摢俀丗俆侽倝値僫僫僔乕丂婏愓偺俋俋亾,0,0,0,0,0,126285,132625
p10221,俹偆傞惎傗偮傜乣俤倲倕倰値倎倢丂俴倧倴倕丂俽倧値倗乣丂侾俀俋倴倕倰丏,0,0,0,0,0,125588,134583
p10373,倕壴偺宑師乣墿嬥偺堦寕,0,0,0,0,0,125092,178745
p10133,俹嬧壨塸梇揱愢丂俢倝倕丂俶倕倳倕丂俿倛倕倱倕丂俁侾俋倴倕倰丏,0,0,0,0,0,120000,124000
p10238,俹傁偪傫偙忔暔柡丂倵倝倲倛丂俠倄俛俤俼俰俙俹俙俶俢俙俶俠俤俼俽丂俀値倓丂倱倕倎倱倧値,0,0,0,0,0,118500,126105
p10410,倕堎悽奅偱僠乕僩擻椡傪庤偵偟偨壌偼尰幚悽奅傪傕柍憃偡傞丂乣儗儀儖傾僢僾偼恖惗傪曄偊偨乣,0,0,0,0,0,113551,184076
p10203,俹丂俥俙俬俼倄丂俿俙俬俴丂俉俋倁倕倰丏,0,0,0,0,0,111666,87083
p10170,俹僋僀乕儞僘僽儗僀僪係丂僫僫僄儖倴倕倰丏,0,0,0,0,0,105600,109312
p10204,俹俙杺墹妛堾偺晄揔崌幰丂杺墹嵞椪丂俋俋倁倕倰,0,0,0,0,0,105550,97727
p10278,俹俴俿寖僨僕丂僕儏乕僔乕僴僯乕嬌忟,0,0,0,0,0,105185,99382
p10151,俹僔儏僞僀儞僘丒僎乕僩丂僛儘,0,0,0,0,0,103900,102428
p9971,俹杒搇偺対丂嫮揋丂俴俿,0,0,0,0,0,103317,124621
p9918,俹俙朙娵偲偲偁傞婇嬈偺嵟怴嶌俀丂俽俷俢俋俋倴倕倰丏,0,0,0,0,0,100600,91600
p10006,俹恀丒嵗摢巗暔岅,0,0,0,0,0,100000,100000
p10369,俹壂僪僉両僪僉僪僉抏娵僣傾乕,0,0,0,0,0,98490,81512
p9938,俹倷倕倱両崅恵僋儕僯僢僋乣挻惍宍俹俬俶俲乣,0,0,0,0,0,98333,90000
p10206,傁偪傫偙丂僔儞丒僄償傽儞僎儕僆儞丂侾俀俋丂俴俿丂倴倕倰丏,0,0,0,0,0,96225,86909
p10132,俹俙嬧壨塸梇揱愢丂俢倝倕丂俶倕倳倕丂俿倛倕倱倕丂俉俋倴倕倰丏,0,0,0,0,0,95818,98666
p9949,倕丂俠倄俛俷俼俧侽侽俋丂俼倀俴俤丂俷俥丂俽俙俠俼俬俥俬俠俤,0,0,0,0,0,95000,100000
p10127,俹儕儞僌丂庺偄偺俈擔娫俁丂娒僨僕倴倕倰丏,0,0,0,0,0,94320,73578
p9940,俹儚儞僷儞儅儞丂侾俋俋倴倕倰丏,0,0,0,0,0,94000,98000
p10320,倕俧俷俢倅俬俴俴俙俈丂俿倄俹俤乚俠俼俙俽俫,0,0,0,0,0,93961,90631
p10330,倕僈乕儖僘仌僷儞僣傽乕丂嵟廔復,0,0,0,0,0,92464,115347
p10291,俹俥婡摦愴巑僈儞僟儉儐僯僐乕儞嵞棃丂俋俋倴倕倰丏,0,0,0,0,0,91909,87333
p10385,倕俥丂俛俙俽俿俙俼俢両両丂乚埫崟偺攋夡恄乚,0,0,0,0,0,91608,133435
p9894,俹俙寖僨僕僕儏乕僔乕僴僯乕僴乕儗儉,0,0,0,0,0,91600,113333
p10200,俹僨價儖儅儞丂俿俫俤丂俥俬俶俙俴,0,0,0,0,0,90666,90625
p10323,俹丂俥俙俬俼倄丂俿俙俬俴丂挻堦栭倁倕倰丏,0,0,0,0,0,90592,88592
p9941,俹恀丒壴偺宑師俁乣俋俋倴倕倰丏,0,0,0,0,0,90263,50265
p10179,倕傁偪傫偙墴擡両斣挿丂娍偺捀,0,0,0,0,0,86564,101409
p10338,倕俥傕偺偺偑偨傝,0,0,0,0,0,86281,84761
p10191,俹僶儞僪儕両丂俴倝倗倛倲丂倴倕倰丏,0,0,0,0,0,84272,83133
p10073,俹丂傾僘乕儖儗乕儞丂俿俫俤丂俙俶俬俵俙俿俬俷俶丂堎師尦僩儕僈乕,0,0,0,0,0,83558,42931
p10131,俹僔儍僇俼倀俽俫丂倅侾,0,0,0,0,0,82700,75625
p10029,俹丂俧俷両俧俷両嫿丂妚柦偺俆,0,0,0,0,0,82000,84333
p10192,俹偲偁傞杺弍偺嬛彂栚榐俀丂俴倝倗倛倲俹俼俤俵俬倀俵俀侽侽侽倴倕倰丏,0,0,0,0,0,81520,44594
p10345,倕儖僷儞嶰悽倁俽僉儍僢僣丒傾僀,0,0,0,0,0,81023,94875
p10225,俹怐揷怣撧偺栰朷丂壓檸忋,0,0,0,0,0,80690,81700
p10331,傁偪傫偙丂僔儞丒僄償傽儞僎儕僆儞丂俹俼俤俵俬倀俵丂俵俷俢俤俴,0,0,0,0,0,80611,71527
p10243,俹丂俿倧俴俷倁俤傞僟乕僋僱僗丂侾侽侽倴倕倰丏,0,0,0,0,0,78000,80909
p10062,俹壴偺宑師乣孹婏堦揮,0,0,0,0,0,77357,85578
p10336,倕偲偁傞壢妛偺挻揹帴朇丂俹俫俙俽俤丂俶俤倃俿,0,0,0,0,0,77016,84403
p10293,俹俥愴昉愨彞僔儞僼僅僊傾係丂俴倝倗倛倲丂倴倕倰丏,0,0,0,0,0,76040,71120
p10193,倕慚棎僇僌儔,0,0,0,0,0,75076,78166
p9984,俹俥僷儚僼儖乽俀侽俀係擭乿,0,0,0,0,0,73945,81610
p10195,俹丂搤偺僜僫僞丂俵倷丂俵倕倣倧倰倷,0,0,0,0,0,73904,54336
p9836,俹俥僋傿乕儞俬俬丂俁侽倲倛丂俙俶俶俬倁俤俼俽俙俼倄丂俤俢俬俿俬俷俶,0,0,0,0,0,73666,117600
p10088,俹丂昐壴銍棎丂偛曭巇丂侾俀俋倴倕倰丏,0,0,0,0,0,72400,66687
p10386,倕丂傾僘乕儖儗乕儞俀丂俿俫俤丂俙俶俬俵俙俿俬俷俶丂挻師尦,0,0,0,0,0,72183,72630
p10348,倕丂儀儖僙儖僋柍憃丂戞俀復,0,0,0,0,0,71869,65933
p9912,俹攅鈛丂晻恄墘媊,0,0,0,0,0,70000,70000
p10262,倕搶嫗儕儀儞僕儍乕僘,0,0,0,0,0,69901,57195
p10304,僨僇僗僞倕壴偺宑師乣孹婏堦揮,0,0,0,0,0,69571,71653
p10063,倕壴偺宑師乣孹婏堦揮,0,0,0,0,0,69545,62500
p9976,俹傢傫僯儍儞傾僪儀儞僠儍乕侾侾俋倴倕倰丏,0,0,0,0,0,68812,58777
p10218,倕恀丒杒搇柍憃丂戞俆復丂僪僨僇俽俿俙俼俿,0,0,0,0,0,66851,63750
p10298,倕將栭嵆俁丏侽,0,0,0,0,0,65928,72583
p10117,俠倄俛俷俼俧丂侽侽俋丂俼倀俴俤丂俷俥丂俽俙俠俼俬俥俬俠俤丂倁俽丂俽俠俙俼俴丂俛俷俢倄丂俤俢俬俿俬俷俶丂侾俋俋,0,0,0,0,0,65333,68857
p9886,傁偪傫偙愴崙僐儗僋僔儑儞揤杺俋俋,0,0,0,0,0,65000,100000
p10356,俹僑僢僪僀乕僞乕侾俋俋僑僢僪僩儕僈乕倁俤俼丏,0,0,0,0,0,64148,74954
p9947,俹恀丒堦婻摉愮丂俴倝倗倛倲丂倁倕倰丏,0,0,0,0,0,62090,46636
p10295,倕墿栧偪傖傑庻尷柍丂俴俴僒僀僘,0,0,0,0,0,61257,45148
p10245,乣夞傞僿僜儚僀僪乣丂俹僼傽儞僉乕僪僋僞乕丂俈俀侽侽儖乕僾倴倕倰丏,0,0,0,0,0,60500,49250
p10388,倕丂恀丒杒搇柍憃丂戞俆復丂柌尪摤憃,0,0,0,0,0,60000,85136
p10201,俹偙偺慺惏傜偟偄悽奅偵廽暉傪両丂儔僢僉乕僩儕僈乕侾俀俋嬞媫僋僄僗僩,0,0,0,0,0,60000,63333
p10396,倕媑廆丂嬌忔俁侽侽侽倴倕倰丏,0,0,0,0,0,59896,65775
p10324,倕丂惞愴巑僟儞僶僀儞俁丂倅俤俼俷俽俷俶俬俠,0,0,0,0,0,59740,54423
p10252,俹峌妅婡摦戉俽俙俠丵俀侽係俆丂戝擖傝俴俿倴倕倰,0,0,0,0,0,56848,55206
p10223,俹丂儕儞僌偵偐偗傠侾,0,0,0,0,0,54000,50285
p10046,俹丂杺朄彮彈傑偳偐仚儅僊僇俁,0,0,0,0,0,53909,56361
p10101,倕僉儑儞僔乕丂儔僀僩儈僪儖丂怴俠僞僀儉倁倕倰丏,0,0,0,0,0,53750,17142
p10371,倕丂弬偺桬幰偺惉傝忋偑傝丂傾儖僥傿儊僢僩侾俋俋倴倕倰丏,0,0,0,0,0,52147,57250
p10047,俹偆傞惎傗偮傜乣俤倲倕倰値倎倢丂俴倧倴倕丂俽倧値倗乣,0,0,0,0,0,51857,53600
p10327,倕僷儕僺岴柧,0,0,0,0,0,50818,48928
p9937,俹揤棿亣俽俤倁俤俶丂俛倢倳倕丂倁倕倰丏,0,0,0,0,0,50500,50500
p10085,倕僑僢僪僀乕僞乕丂俿俼俬俹俴俤丂俛倀俼俽俿,0,0,0,0,0,49966,49500
p10057,俹俙偙偺慺惏傜偟偄悽奅偵廽暉傪両乽偙偺備傞娒俋俋偵廽暉傪両乿,0,0,0,0,0,49805,48750
p10233,倕夊楾恄懍恄寕俁侽侽侽俴俿,0,0,0,0,0,49000,49104
p9977,俹嶇乚俽倎倠倝乚慡崙曇丂僥儞僷僀懄儕乕倴倕倰丏,0,0,0,0,0,48600,50428
p10260,倕斖攏恘夊,0,0,0,0,0,48431,56875
p10005,僗儅僷僠丂僔儞丒僄償傽儞僎儕僆儞丂俿倷倫倕丂僎儞僪僂,0,0,0,0,0,47800,38000
p10244,乣夞傞僿僜儚僀僪乣丂俹僼傽儞僉乕僪僋僞乕丂侾侾侽侽侽倴倕倰丏,0,0,0,0,0,47000,34181
p10328,倕丂僲乕僎乕儉丒僲乕儔僀僼丂俁侾俋倁倕倰丏,0,0,0,0,0,46666,46071
p10074,俹丂俢俢杒搇偺対俁,0,0,0,0,0,45714,46666
p9970,傁偪傫偙俧俬桪弜嬩妝晹俀丂儔僢僉乕僩儕僈乕倴倕倰,0,0,0,0,0,45341,48120
p9797,倕惞摤巑惎栴丂挻棳惎俠倢倝俵俙倃俁係俋,0,0,0,0,0,44933,43666
p10329,倕丂僲乕僎乕儉丒僲乕儔僀僼丂侾俋俋倁倕倰丏,0,0,0,0,0,43800,46403
p10048,俹僪儕乕儉僋儖乕儞倀俴俿俬俵俙俿俤,0,0,0,0,0,43333,15000
p9994,俹僼傽儞僉乕僪僋僞乕丂埆杺丂侾俀侽侽侽倴倕倰丏,0,0,0,0,0,41454,40818
p10060,俹幍偮偺旤摽丂僑乕儖僨儞僄儞僕僃儖僞僀儉丂僗僀乕僩俋俋倁倕倰丏,0,0,0,0,0,40900,58600
p10016,俹丂俧俙俶俿倅妎惲丂俽倂俤俤俿俀侽侽侽,0,0,0,0,0,40833,43000
p10175,倕儖僷儞嶰悽丂俷俶俤丂俠俷俴俴俤俠俿俬俷俶丂挻僽僠僰僉俴俿丂倴倕倰丏,0,0,0,0,0,39000,32714
p10055,俹俙僗乕僷乕奀暔岅俬俶抧拞奀俀,0,0,0,0,0,38711,39758
p10122,俹丂偵傖傫偙戝愴憟丂懡條惈偺僱僐,0,0,0,0,0,38074,38226
p9869,俹儖僷儞嶰悽丂徚偝傟偨儖僷儞俀侽俀俀丂俋俋倴倕倰丏,0,0,0,0,0,38000,32900
p10165,俹悽婭枛丒揤嵥僶僇儃儞乣恄俽俹俤俠丂奙慁乣俋俋倴倕倰丏,0,0,0,0,0,36920,40378
p10082,俹俥偐偖傗條偼崘傜偣偨偄俴倝倗倛倲丂倴倕倰丏,0,0,0,0,0,36816,32525
p9931,倕丂俼倕丗僛儘偐傜巒傔傞堎悽奅惗妶丂倱倕倎倱倧値俀,0,0,0,0,0,36482,38776
p10184,倕俥僟儞僕儑儞偵弌夛偄傪媮傔傞偺偼娫堘偭偰偄傞偩傠偆偐俀,0,0,0,0,0,35533,32230
p10059,俹掑巕,0,0,0,0,0,35523,32329
p10286,倕僔儍乕儅儞僉儞僌丂偱偭偗偉偊側倴倕倰丏,0,0,0,0,0,34800,31714
p10181,俹壴偺宑師乣楐侾俀俋倴倕倰丏,0,0,0,0,0,34500,26750
p9891,倕媊晽摪乆両両乣寭懕偲宑師乣俁,0,0,0,0,0,34500,41428
p10280,倕嶀偊側偄斵彈偺堢偰偐偨,0,0,0,0,0,34306,33583
p10118,俹媊晽摪乆両両乣寭懕偲宑師乣俁丂侾俋俋倴倕倰丏,0,0,0,0,0,32200,47800
p10105,俹儔僽忟丂乣嬌忟偺僴乕儗儉懱尡乣丂侾俀俋倴倕倰丏,0,0,0,0,0,31238,27076
p9833,俹俙戝奀暔岅俆丂倂倝倲倛傾僌僱僗丒儔儉,0,0,0,0,0,31000,37500
p10210,俹傾僫僓乕僑僢僪僴乕僨僗乚崠墛乚,0,0,0,0,0,30333,18727
p10409,倕丂倀俴俿俼俙俵俙俶丂係俆侽侽丂挻儔僀僩,0,0,0,0,0,29958,28230
p10034,俹悈屗墿栧丂挻嬌忋丂傜偄偲偽乕偠傚傫,0,0,0,0,0,29285,30083
p10108,俹峕摢俀丗俆侽倝値僫僫僔乕俴俿,0,0,0,0,0,29050,24130
p10214,倕俥偆偨傢傟傞傕偺,0,0,0,0,0,28250,27666
p9832,俹戝慄崄壴壩,0,0,0,0,0,28000,28000
p10302,倕俥僽儖乕儘僢僋,0,0,0,0,0,27241,32831
p9955,俹俙寖僨僕夊楾寧擑僲椃恖,0,0,0,0,0,26368,26000
p9945,俹抏媴栙帵榐僇僀僕徖俆,0,0,0,0,0,24800,13777
p9822,俹峛揝忛偺僇僶僱儕乣係丆侽侽侽楢寖倴倕倰丏乣,0,0,0,0,0,23800,28250
p10272,倕俥墛墛僲徚杊戉俀丂僔儞儔倴倕倰丏,0,0,0,0,0,23333,25100
p9904,倕儖僷儞嶰悽丂慘宍偐傜偺彽懸忬,0,0,0,0,0,23200,24277
p10230,俹丂儌儌僉儏儞僜乕僪丂懍寕俁侽侽侽亄,0,0,0,0,0,22666,22000
p10246,俹俥儅僋儘僗僼儘儞僥傿傾俆丂俴俿乚俴倝倗倛倲丂倴倕倰丏,0,0,0,0,0,21834,23804
p10115,倕俥偐傜偔傝僒乕僇僗俀丂杺墹倴倕倰丏,0,0,0,0,0,21825,22208
p10103,俹俥妚柦婡償傽儖償儗僀償俁丂俴倝倗倛倲丂倴倕倰丏,0,0,0,0,0,21322,23694
p10253,倕俥斵彈丄偍庁傝偟傑偡,0,0,0,0,0,21071,19307
p10273,倕俥墛墛僲徚杊戉俀丂峠娵倴倕倰丏,0,0,0,0,0,19673,19511
p10183,俹丂壌偺枀偑偙傫側偵壜垽偄傢偗偑側偄丅,0,0,0,0,0,19100,19436
p10285,倕僔儍乕儅儞僉儞僌,0,0,0,0,0,18960,29125
p10173,俹俴俿僕儏乕僔乕僴僯乕嬌忟,0,0,0,0,0,18909,17928
p9981,俹恀丒堦婻摉愮乣搷墍偺惥偄乣侾俀俋倴倕倰,0,0,0,0,0,18708,9437
p10024,倕丂怴丒昁嶦巇抲恖丂挻巃寕侾俋俋,0,0,0,0,0,17428,12600
p9748,俹俙僗乕僷乕奀暔岅丂俬俶丂壂撽俆丂栭嶗挻慁晽丂俋俋倴倕倰丏,0,0,0,0,0,17312,11357
p10135,俹偊偲偨傑俀丂恄嵳,0,0,0,0,0,17307,17761
p9711,傁偪傫偙俧俬桪弜嬩妝晹俀丂挻尷奅撍攋,0,0,0,0,0,17300,14125
p10322,俹俥僟儞僕儑儞偵弌夛偄傪媮傔傞偺偼娫堘偭偰偄傞偩傠偆偐俀丂俴俿乚俴倝倗倛倲丂倴倕倰丏,0,0,0,0,0,17060,15406
p10334,俹偄偔偝偺巕丂愴嬌嵟嫮僪僨僇侾俋俋倴倕倰丏,0,0,0,0,0,16916,20663
p10213,俹俥偆偨傢傟傞傕偺丂侾俋俋倴倕倰丏,0,0,0,0,0,16752,14947
p10263,俹丂塅拡愴娡儎儅僩俀俀侽俀丂挻攇摦丂怷愥丂侾俋俋俴俿丂倴倕倰丏,0,0,0,0,0,16666,17714
p9801,傁偪傫偙丂擳栘嶁係俇丂僩儗僕儍乕僗儁僢僋,0,0,0,0,0,16500,3000
p9859,俹惞摤巑惎栴丂挻棳惎俴俬俧俫俿,0,0,0,0,0,16500,13755
p9739,俹僱僆儌儞僗僞乕僴僂僗俵倃俴,0,0,0,0,0,16333,16636
p10344,俹儊僀僪僀儞傾價僗丂撧棊偺楢娐怚,0,0,0,0,0,16107,12620
p10149,倕俥愴昉愨彞僔儞僼僅僊傾係丂僉儍儘儖倴倕倰丏,0,0,0,0,0,16068,16687
p10229,俹俥婡摦愴巑僈儞僟儉儐僯僐乕儞嵞棃丂侾俀俋倴倕倰丏,0,0,0,0,0,15984,17982
p9926,僗儅僷僠丂僔儞丒僄償傽儞僎儕僆儞丂俿倷倫倕丂僇儝儖,0,0,0,0,0,15923,16266
p9781,俹侽侽俋丂俼俤丗俠倄俛俷俼俧丂俙俠俠俤俴俤俼俙俿俷俼丂俤俢俬俿俬俷俶丂俋俋倴倕倰丏,0,0,0,0,0,15750,16600
p9828,俹倷倕倱両崅恵僋儕僯僢僋惵揤丂偼偠傑傝偼係俆侽侽,0,0,0,0,0,15687,13562
p9853,僗儅僷僠丂俼俙倁俤丂妎惞儖乕僾,0,0,0,0,0,15625,15187
p10152,俹僽儔僢僋儔僌乕儞係丂俤倃俿俼俙丂俛倀俴俴俤俿丂侾俀俋倴倕倰丏,0,0,0,0,0,15571,15571
p10003,俹丂僐乕僪僊傾僗丂斀媡偺儖儖乕僔儏丂俼倕倐倕倢倢倝倧値丂倲倧丂俼倕丟倱倳倰倰倕們倲倝倧値丂儔僀僩丂倴倕倰丏,0,0,0,0,0,15571,15133
p9796,倕儖僷儞嶰悽丂俿俫俤丂俥俬俼俽俿,0,0,0,0,0,15444,13000
p10125,俹俥婡摦愴巑僈儞僟儉俽俤俤俢丂俴俿乚俴倝倗倛倲丂倴倕倰丏,0,0,0,0,0,15370,15735
p10274,僨僕僴僱俹儌儞僗僞乕僴儞僞乕儔僀僘,0,0,0,0,0,15000,14470
p9726,俹侾侽僇僂儞僩僠儍乕僕愨楾丂恄寕侾俁俆倁倕倰丏,0,0,0,0,0,15000,15000
p9807,俹俥憮鈛偺僼傽僼僫乕俁丂俤倃俷俢倀俽丂怐昉俴倝倗倛倲丂倴倕倰丏,11,16,0,0,0,15000,15000
p9974,俹偙偺慺惏傜偟偄悽奅偵廽暉傪両侾俋俋俴俿乽偙偺儔僢僉乕僩儕僈乕偵廽暉傪両乿,0,0,0,0,0,14519,12536
p10178,倕丂倀俴俿俼俙俵俙俶丂俀係侽侽仛俉侽,0,0,0,0,0,14148,13851
p9847,傁偪傫偙丂僂儖僩儔儅儞僥傿僈丂僂儖僩儔挻岝儔僀僩倴倕倰丏,0,0,0,0,0,14128,17983
p10208,俹偆傑偄朹俀,0,0,0,0,0,14062,15821
p10080,倕俥婡摦愴巑僈儞僟儉儐僯僐乕儞丂嵞棃乚敀偒堦妏廱偲崟偒巶巕乚,0,0,0,0,0,13962,13181
p9914,僗儅僷僠丂僎僎僎偺婼懢榊丂巶巕暠恦俽俹,0,0,0,0,0,13954,14850
p9996,俹俥儅僋儘僗僼儘儞僥傿傾俆,0,0,0,0,0,13925,13678
p10098,倕丂壖柺儔僀僟乕揹墹,0,0,0,0,0,13870,12875
p10282,俹僋僀乕儞僘僽儗僀僪撧棊俆係侽侽,0,0,0,0,0,13844,14792
p9808,俹杒搇偺対丂朶嫢惎,0,0,0,0,0,13761,12383
p9731,俹僶乕僗僩僄儞僕僃儖俤倃丂俋俋倁倕倰丏,0,0,0,0,0,13333,12500
p10202,俹旉抏偺傾儕傾乣旉旉恄崀椪乣侾俋俋倁倕倰丏,0,0,0,0,0,13083,14250
p9943,俹僪儔儉壴壩偺尮偝傫,0,0,0,0,0,13035,14346
p9892,俹丂怴悽婭僄償傽儞僎儕僆儞丂乣枹棃傊偺欞欿乣丂俽俹俤俠俬俙俴丂俤俢俬俿俬俷俶,0,0,0,0,0,12846,12468
p9887,倕怴奀暔岅俁係俋,0,0,0,0,0,12777,15527
p9901,俹俥偐傜偔傝僒乕僇僗丂俴倝倗倛倲丂倴倕倰丏,0,0,0,0,0,12600,13153
p10031,俹俥偁傝傆傟偨怑嬈偱悽奅嵟嫮丂俴倝倗倛倲丂倴倕倰丏,0,0,0,0,0,12592,13835
p10093,俹儖僷儞嶰悽丂俷俶俤丂俠俷俴俴俤俠俿俬俷俶,0,0,0,0,0,12567,12063
p10148,俹愴崙壋彈俈丂廔鄟偺娭儢尨,0,0,0,0,0,12558,12736
p10126,俹揮惗偟偨傜僗儔僀儉偩偭偨審,0,0,0,0,0,12371,11435
p9811,俹僑僽儕儞僗儗僀儎乕,0,0,0,0,0,12250,12000
p10026,俹夊楾侾侾乣嶀搰戝壨乣倃倃,0,0,0,0,0,12225,12200
p10341,倕尮奜揱丂俤俹俬俽俷俢俤丂俷俥丂乚戝棿乚,0,0,0,0,0,12150,13562
p9806,俹俥婡摦愴巑僈儞僟儉儐僯僐乕儞丂俴俬俧俫俿丂倴倕倰丏,0,0,0,0,0,12023,11847
p10100,俹俙儚儞僷儞儅儞丂俋俋倴倕倰丏,0,0,0,0,0,11940,11759
p10268,俹僪儔儉偩両嬥僪儞丂壴壩奜揱俋俋倴倕倰丏,0,0,0,0,0,11937,12260
p10227,俹僝儞價儔儞僪僒僈,0,0,0,0,0,11715,10652
p10248,俹俴俿悽奅偱偄偪偽傫嫮偔側傝偨偄両俀,0,0,0,0,0,11525,13375
p10161,俹悽奅嵟崅偺埫嶦幰丄堎悽奅婱懓偵揮惗偡傞,0,0,0,0,0,11466,12181
p9858,俹丂俧俷両俧俷両儅儕儞丂俁侽侽侽,0,0,0,0,0,11368,11700
p9953,僨僕僴僱俹惞愴巑僟儞僶僀儞俀丂倅俤俼俷俽俷俶俬俠,0,0,0,0,0,11014,12215
p10000,俹悽婭枛丒揤嵥僶僇儃儞乣暉恄俽俹俤俠乣,0,0,0,0,0,10933,10442
p9893,僗儅乕僩傁偪傫偙丂僜乕僪傾乕僩丒僆儞儔僀儞,0,0,0,0,0,10884,11789
p10066,俹僶儞僪儕両,0,0,0,0,0,10843,11321
p9824,傁偪傫偙丂怴丒昁嶦巇抲恖俽,0,0,0,0,0,10777,11090
p9979,俹丂倱倝値丂幍偮偺戝嵾丂嫮娒丂俀係侽侽倁倕倰丏,0,0,0,0,0,10750,9576
p9851,俹俥婡摦愴巑僈儞僟儉俽俤俤俢,0,0,0,0,0,10739,10380
p9968,俹僗僩儕乕僩僼傽僀僞乕倁丂俲丏俷丏俼倀俽俫丂俴俬俧俫俿丂俤俢俬俿俬俷俶,0,0,0,0,0,10583,10583
p9810,俹僶僀僆僴僓乕僪俼俤丗俀,0,0,0,0,0,10500,10500
p10061,俹俥婡摦愴巑僈儞僟儉儐僯僐乕儞丂嵞棃乚敀偒堦妏廱偲崟偒巶巕乚,0,0,0,0,0,10468,10000
p10231,倕丂僔儞丒僂儖僩儔儅儞,0,0,0,0,0,10433,10375
p10075,俹儖僷儞嶰悽丂慘宍偐傜偺彽懸忬丂俈俈俽倵倕倕倲丂倁倕倰丏,0,0,0,0,0,10422,11100
p10087,俹儕儞僌丂庺偄偺俈擔娫俁丂儔僢僉乕僩儕僈乕倁倕倰丏,0,0,0,0,0,10395,9606
p10150,倕丂僜乕僪傾乕僩丒僆儞儔僀儞丂慚岝偺婳愓,0,0,0,0,0,10388,8767
p9714,俹丂俧俷両俧俷両儅儕儞丂挻楢寕俛俙俿俿俴俤,0,0,0,0,0,10363,10444
p9933,俹俥妚柦婡償傽儖償儗僀償俁,0,0,0,0,0,10187,10071
p10037,俹丂俿倧俴俷倁俤傞僟乕僋僱僗,0,0,0,0,0,10050,8933
p10155,俹俥愴昉愨彞僔儞僼僅僊傾係丂侾俋俋倴倕倰丏,0,0,0,0,0,10028,10609
p9802,俹丂俧俷両俧俷両嫿丂們倧倣倕倐倎們倠丂倱倲倎倗倕,0,0,0,0,0,10000,11500
p9762,俹杻悵暔岅係丂俈俈倴倕倰丏,0,0,0,0,0,9923,9600
p10032,俹俥嶰崙愴婻俈俆侽侽,0,0,0,0,0,9909,10363
p10040,俹僊儖僥傿僋儔僂儞俀丂僾儗儈傾儉儔僀僽僠働僢僩,0,0,0,0,0,9862,10369
p10171,倕憮揤偺対丂梾棿,0,0,0,0,0,9684,10071
p10013,俹俥墛墛僲徚杊戉俴倝倗倛倲丂倴倕倰丏,0,0,0,0,0,9683,10433
p9889,俹悽婭枛丒揤嵥僶僇儃儞乣恄丂俽俹俤俠丂奙慁乣,0,0,0,0,0,9615,11200
p9867,俹僨價儖儅儞墿嬥栙帵榐,0,0,0,0,0,9571,8843
p9827,俹傢傫僯儍儞傾僪儀儞僠儍乕,0,0,0,0,0,9407,8750
p9888,俹俥偐偖傗條偼崘傜偣偨偄,0,0,0,0,0,9307,9000
p9767,俹恀僶僕儕僗僋乣峛夑擡朄挓乣崑夠倂俁侾俋倴倕倰丏,0,0,0,0,0,9250,10500
p9770,俹夊楾俧俷俴俢丂俬俵俹俙俠俿,0,0,0,0,0,9227,9227
p9765,俹倱倝値丂幍偮偺戝嵾丂倃乚俿俼俤俵俤,0,0,0,0,0,9214,10333
p9954,俹拞怷柧嵷丒壧昉揱愢乣俛俴俙俠俲丂俢俬倁俙丂嬌乣,0,0,0,0,0,9200,9882
p10140,僗儅僷僠丂俽俽俽俽丏俧俼俬俢俵俙俶,0,0,0,0,0,9190,9555
p10314,僨僕僴僱俹摢暥帤俢丂偣偐傫偳,0,0,0,0,0,9119,10216
p10130,俹丂俿倧俴俷倁俤傞僟乕僋僱僗丂侾俋俋倴倕倰丏,0,0,0,0,0,9119,9131
p10276,倕朻尟搰,0,0,0,0,0,9085,9320
p9956,俹俥僟儞儀儖壗僉儘帩偰傞丠丂俴倝倗倛倲丂倴倕倰丏,0,0,0,0,0,9075,7558
p9774,俹俙丂俽倀俹俤俼揹栶僫僫僔乕俽俹俤俠俬俙俴俇俇丂倁倕倰俀丏侽,0,0,0,0,0,9000,9000
p9751,俹恀丒壴偺宑師俁丂乚墿嬥堦慚乚,0,0,0,0,0,9000,9000
p9817,俹怴丒墦嶳偺嬥偝傫丂俈俈倁倕倰丏,0,0,0,0,0,9000,9000
p10028,俹僑僽儕儞僗儗僀儎乕丂儔僢僉乕僩儕僈乕倁倕倰丏,0,0,0,0,0,8975,8605
p10021,俹儔僽忟丂乣嬌忟偺僴乕儗儉懱尡乣,0,0,0,0,0,8966,9136
p9870,俹僴僀僗僋乕儖丒僼儕乕僩丂僆乕儖僗僞乕,0,0,0,0,0,8909,9000
p9784,俹恀懍偺僈僢僠儍儅儞,0,0,0,0,0,8875,9857
p9872,俹嶇乚俽倎倠倝乚慡崙曇,0,0,0,0,0,8818,8857
p9790,俹慘宍暯師俁丂偍惷俋俋,0,0,0,0,0,8818,8818
p10281,倕丂怴丒昁嶦巇抲恖丂挻巃寕俋俋,0,0,0,0,0,8816,11310
p9713,俹僞乕儈僱乕僞乕俀丂俿倄俹俤俈俆侽侽,0,0,0,0,0,8800,8800
p9883,俹儕儞僌丂庺偄偺俈擔娫俁,0,0,0,0,0,8777,7375
p9768,俹戝奀暔岅俆,0,0,0,0,0,8750,8000
p9890,俹僾儘僑儖僼傽乕墡丂嫮娒侾侾俋倴倕倰丏,0,0,0,0,0,8714,10125
p10099,倕丂擳栘嶁係俇丂俬俬,0,0,0,0,0,8704,8561
p9735,俹僑僕儔懳僄償傽儞僎儕僆儞丂乣俧嵶朎妎惲乣,0,0,0,0,0,8700,8700
p10054,倕杒搇偺対侾侽,0,0,0,0,0,8500,8862
p9715,俹抏媴栙帵榐僇僀僕俆丂偞傢偭乧倁倕倰丏,0,0,0,0,0,8500,8428
p9909,傁偪傫偙丂俧俙俶俿倅妎惲丂俼倀俽俫侾俉侽,0,0,0,0,0,8500,6666
p10194,俹俴俿丂俷倁俤俼俴俷俼俢杺摫墹岝椪侾俀俋倴倕倰丏,0,0,0,0,0,8447,7431
p9730,俹惞摤巑惎栴丂挻棳惎丂彈恄僑乕儖僪倴倕倰丏侾俆侽侽,0,0,0,0,0,8444,8600
p10189,俹垽偺晄帪拝,0,0,0,0,0,8376,8555
p9752,傁偪傫偙丂傾僘乕儖儗乕儞丂俿俫俤丂俙俶俬俵俙俿俬俷俶,0,0,0,0,0,8250,8250
p9850,俹價僢僌僪儕乕儉俁丂俈俈倴倕倰丏,0,0,0,0,0,8250,8250
p10119,俹丂塅拡愴娡儎儅僩俀俀侽俀丂挻攇摦,0,0,0,0,0,8205,8060
p10092,俹偲偁傞壢妛偺挻揹帴朇俀,0,0,0,0,0,8133,8000
p9852,傁偪傫偙丂擳栘嶁係俇丂僉儏儞僉儏儞俴俬俧俫俿丂倴倕倰丏,0,0,0,0,0,8000,8333
p9743,俹俙巶巕墹俰倰丏俋俋,0,0,0,0,0,8000,8000
p9787,俹僾儘僑儖僼傽乕墡丂俤俵俹俤俼俷俼丂俵俷俢俤俴,3,3,0,0,0,8000,8000
p10001,俹僶僀僆僴僓乕僪丂俼俤丗俀丂俴俿倴倕倰丏,0,0,0,0,0,7981,9552
p9814,俹揤棿亣俽俤倁俤俶,0,0,0,0,0,7900,6583
p10068,僨僕僴僱俹岎嬁帊曆僄僂儗僇僙僽儞丂俙俶俤俵俷俶俤丂俋俋倴倕倰丏,0,0,0,0,0,7833,8052
p10256,倕丂壖柺儔僀僟乕俛俴俙俠俲,0,0,0,0,0,7750,7258
p9815,俹俙恀丒夦廱墹僑僕儔俀丂俈俉倁倕倰丏,0,0,0,0,0,7750,7031
p9855,俹儀儖僙儖僋柍憃丂柣晎杺摴倴倕倰丏,0,0,0,0,0,7600,7363
p10300,倕丂儅僊傾儗僐乕僪丂杺朄彮彈傑偳偐仚儅僊僇奜揱,0,0,0,0,0,7500,7863
p9865,俹幍偮偺旤摽丂僑乕儖僨儞僄儞僕僃儖僞僀儉,0,0,0,0,0,7466,7187
p9813,俹俙尦慶僊儞僊儔僷儔僟僀僗丂嫮俋俋倴倕倰丏,0,0,0,0,0,7444,7100
p9989,俹壔暔岅丂侾俋俋倴倕倰丏,0,0,0,0,0,7361,7852
p9703,俹儌儞僉乕僞乕儞挻敳倅俢倎,0,0,0,0,0,7333,7333
p10010,俹俙僴僀僗僋乕儖丒僼儕乕僩丂僆乕儖僗僞乕丂偡偄乣偲偱僴僢僺乕両俀係侽侽,0,0,0,0,0,7312,7629
p9925,傁偪傫偙丂僔儞丒僄償傽儞僎儕僆儞丂俿倷倫倕丂儗僀,0,0,0,0,0,7291,6293
p10134,俹弬偺桬幰偺惉傝忋偑傝,0,0,0,0,0,7266,6750
p9823,俹揘栫,0,0,0,0,0,7250,6333
p10156,俹恀丒堦婻摉愮乣搷墍偺惥偄乣侾俋俋俴俿倴倕倰丏,0,0,0,0,0,7166,6766
p9772,俹俙旉抏偺傾儕傾丂乣旉抏妎惲曇乣,0,0,0,0,0,7083,7272
p10035,俹摢暥帤俢丂俀値倓,0,0,0,0,0,7052,7421
p10228,俹捝偄偺偼寵側偺偱杊屼椡偵嬌怳傝偟偨偄偲巚偄傑偡丅,0,0,0,0,0,7026,8000
p9788,俹惞愴巑僟儞僶僀儞俀丂乚倅俤俼俷俴俬俵俬俿丂俫倄俹俤俼乚,0,0,0,0,0,7000,7500
p9723,俹怴丒墦嶳偺嬥偝傫,0,0,0,0,0,7000,7000
p9903,俹丂僑僕儔懳僄償傽儞僎儕僆儞丂乣俧嵶朎妎惲乣丂俹俼俤俵俬倀俵丂俵俷俢俤俴,0,0,0,0,0,6980,6615
p10020,俹丂俥俙俬俼倄丂俿俙俬俴丂偙傟偑幍墛棾偺椡偩,0,0,0,0,0,6900,6333
p9988,俹壔暔岅丂俁侾俋倴倕倰丏,0,0,0,0,0,6875,8571
p9766,俹恀丒杒搇柍憃丂戞係復,0,0,0,0,0,6857,7066
p9898,俹僗僩儕乕僩僼傽僀僞乕倁丂俲丏俷丏丂俼倀俽俫,0,0,0,0,0,6800,6800
p9915,俹僎僎僎偺婼懢榊丂巶巕暠恦,0,0,0,0,0,6769,5454
p9717,俹幍偮偺戝嵾俀,0,0,0,0,0,6750,6666
p9999,俹戝岺偺尮偝傫挻梃懯揤俀嬌尮俴倝倗倛俿,0,0,0,0,0,6717,6578
p9838,俹掑巕俁俢俁,0,0,0,0,0,6625,7000
p9874,俹丂昐壴銍棎,0,0,0,0,0,6555,6181
p10065,俹僪儔儉偩両嬥僪儞丂壴壩奜揱,0,0,0,0,0,6535,6739
p9907,俹儀儖僙儖僋柍憃丂侾侾俋倴倕倰丏,0,0,0,0,0,6400,6500
p9761,俹儖僷儞嶰悽丂俿俫俤丂俥俬俼俽俿,0,0,0,0,0,6312,6785
p10012,俹幍偮偺戝嵾俀丂恄愮巃傝倁俤俼丏,0,0,0,0,0,6250,5562
p9951,俹傗偠偒偨摴拞婰丂娒枴倴倕倰丏,0,0,0,0,0,6121,5907
p9746,俹僔僥傿乕僴儞僞乕丂壌偺怱傪恔傢偣偨擔,0,0,0,0,0,6105,6581
p9727,俹嬧壨揝摴俋俋俋丂俶倕倶倲丂俰倧倳倰値倕倷,0,0,0,0,0,6083,6437
p10168,倕丂僑僕儔懳僄償傽儞僎儕僆儞丂僙僇儞僪僀儞僷僋僩丂俧丂攋夡恄妎惲,0,0,0,0,0,6037,5833
p10139,倕戝岺偺尮偝傫挻梃懯揤俀丂僼儖僗僀儞僌俴俿,0,0,0,0,0,6033,6420
p9780,俹恀丒杒搇柍憃丂戞俁復丂妎惲摤晳,0,0,0,0,0,6000,7500
p9760,俹俥僟儞儀儖壗僉儘帩偰傞丠,0,0,0,0,0,6000,6000
p9773,俹偩傞傑偭偟傘俀丂侾侾俋倴倕倰丏,0,0,0,0,0,6000,5250
p10058,俹僼傽儞僉乕僪僋僞乕丂揤巊倴倕倰丏,0,0,0,0,0,6000,
p9779,俹俥傾僋僄儕僆儞嬌崌懱,0,0,0,0,0,5875,6666
p9862,俹僔僥傿乕僴儞僞乕丂壌偺怱傪恔傢偣偨擔丂惁儔僀僩儈僪儖,0,0,0,0,0,5875,5875
p10366,倕偆偟偍偲偲傜乣恄偺偣俽俹俤俠乣俁俋俋倴倕倰丏,0,0,0,0,0,5750,6000
p9895,俹僊儖僥傿僋儔僂儞俀,0,0,0,0,0,5700,5000
p9863,俹恀丒堦婻摉愮乣搷墍偺惥偄乣,0,0,0,0,0,5666,5545
p9911,俹岎嬁帊曆僄僂儗僇僙僽儞丂俙俶俤俵俷俶俤,0,0,0,0,0,5571,5769
p10015,俹傂偖傜偟偺側偔崰偵丂椫夢揮惗,0,0,0,0,0,5500,5916
p10096,俹峌妅婡摦戉俽俙俠丵俀侽係俆丂侾俋俋俴俿倴倕倰丏,0,0,0,0,0,5475,5447
p9834,俹僽儔僢僋儔僌乕儞係,0,0,0,0,0,5352,5000
p9835,俹抧崠彮彈丂俴倝倗倛倲,0,0,0,0,0,5250,5250
p9740,俹戝奐墹,0,0,0,0,0,5250,5250
p9747,俹愴崙壋彈丂俴俤俧俤俶俢丂俛俙俿俿俴俤丂俋俋倴倕倰丏,0,0,0,0,0,5250,6200
p10045,俹杺墹妛堾偺晄揔崌幰,0,0,0,0,0,5233,5214
p9884,俹摢暥帤俢丂俶倧値乚俽倲倧倫丂俁侽侽侽俤倓倝倲倝倧値,0,0,0,0,0,5230,4571
p9830,俹丂僐乕僪僊傾僗丂斀媡偺儖儖乕僔儏丂俼倕倐倕倢倢倝倧値丂倲倧丂俼倕丟倱倳倰倰倕們倲倝倧値,0,0,0,0,0,5200,4500
p9846,倕壴偺宑師丂楐丂堦搧椉抐,0,0,0,0,0,5117,5111
p9975,俹俴俿丂俷倁俤俼俴俷俼俢杺摫墹岝椪,0,0,0,0,0,5055,4550
p9969,俹僒儔儕乕儅儞嬥懢榊丂侾俆俋傪側傔傫偠傖偹偉倴倕倰丏,0,0,0,0,0,5000,6600
p10167,俹丂僑僕儔懳僄償傽儞僎儕僆儞丂僙僇儞僪僀儞僷僋僩丂俧,0,0,0,0,0,4888,4815
p9899,俹恀丒杒搇柍憃丂戞係復丂壓檸忋摤,0,0,0,0,0,4866,4692
p9819,俹傗偠偒偨摴拞婰,0,0,0,0,0,4800,4222
p9793,俹僶儀儖俆侽侽侽,0,0,0,0,0,4785,6062
p9875,俹俥愴昉愨彞僔儞僼僅僊傾俁墿嬥愨彞俴倝倗倛倲丂倴倕倰,0,0,0,0,0,4769,4454
p9825,俹俥僗僾儔僢僔儏亊僗僾儔僢僔儏,0,0,0,0,0,4700,4700
p10123,俹儌儞僗僞乕僴儞僞乕儔僀僘,0,0,0,0,0,4647,4250
p9957,俹偲偁傞杺弍偺嬛彂栚榐俀,0,0,0,0,0,4625,4583
p10030,俹僋僀乕儞僘僽儗僀僪係丂倀俶俴俬俵俬俿俤俢,0,0,0,0,0,4583,4000
p10084,俹儊僀僪僀儞傾價僗丂擑偺墿嬥堟,0,0,0,0,0,4526,4684
p9745,俹丂俿俬俧俤俼丂仌丂俛倀俶俶倄丂乣姰慡柍寚倂俬俴俢僗儁僢僋乣,0,0,0,0,0,4500,3000
p10022,俹曐係偺僈僠儍僶僗僞乕,0,0,0,0,0,4500,4500
p9776,俹抧崠彮彈妎惲俁侽侽侽倁倕倰丏,0,0,0,0,0,4384,4384
p9986,俹旉抏偺傾儕傾丂乣旉旉恄崀椪乣丂儔僢僉乕僩儕僈乕倁倕倰丏,0,0,0,0,0,4350,4050
p9763,俹儖僷儞嶰悽丂俀侽侽侽僇儔僢僩偺椳丂侾俀俋倴倕倰丏,0,0,0,0,0,4333,4500
p9794,俹偲偁傞壢妛偺挻揹帴朇丂嵟嫮屼嶁倴倕倰丏,0,0,0,0,0,4265,4931
p9930,傁偪傫偙丂悈屗墿栧丂挻嬌忋,0,0,0,0,0,4111,4111
p10083,俹偄偔偝偺巕丂怐揷嶰榊怣挿揱,0,0,0,0,0,4000,3833
p9734,俹僟僀僫儅僀僩僉儞僌乣柍揋俽俹俤俠乣,0,0,0,0,0,4000,
p9744,俹俙僑乕儖僨儞朠檧亣俰倰丏俋俋,0,0,0,0,0,4000,4000
p9840,俹傾僫僓乕僑僢僪僴乕僨僗乚嫸棎乚,0,0,0,0,0,4000,2000
p9795,俹俥墛墛僲徚杊戉,0,0,0,0,0,3909,3900
p9791,俹塅拡愴娡儎儅僩俀俀侽俀丂乚俷俶俴倄丂俷俶俤乚丂俴俬俧俫俿丂倁倕倰丏,0,0,0,0,0,3816,3842
p9758,俹僴僀僗僋乕儖俢亊俢恀峠俧俠俙,0,0,0,0,0,3666,3666
p9821,俹僕儏乕僔乕僴僯乕僴乕儗儉,0,0,0,0,0,3400,3400
p9842,倕僉儍僢僣丒傾僀,0,0,0,0,0,3350,3257
p9742,俹僑僢僪僀乕僞乕恄偑偐傝倁倕倰丏,0,0,0,0,0,3250,3000
p9997,倕俥儅僋儘僗僼儘儞僥傿傾俆,0,0,0,0,0,3166,3166
p9708,俹俥僋傿乕儞俼倀俽俫,0,0,0,0,0,3166,3400
p9782,俹恄丒揤嵥僶僇儃儞乣娒恄俽俹俤俠乣,0,0,0,0,0,3071,3500
p9754,俹價僢僌僪儕乕儉俁,0,0,0,0,0,3000,3000
p9757,俹搷寱慚寕丂嬌,0,0,0,0,0,3000,3000
p9709,俹旉抏偺傾儕傾乣旉抏妎惲曇乣俁侾俋倁倕倰丏,0,0,0,0,0,3000,3000
p9826,俹嬧壨揝摴俋俋俋丂俶倕倶倲丂俰倧倳倰値倕倷丂侾乛侾侽侽倴倕倰丏,0,0,0,0,0,2833,2833
p9948,俹丂俠倄俛俷俼俧侽侽俋丂俼倀俴俤丂俷俥丂俽俙俠俼俬俥俬俠俤,0,0,0,0,0,2375,2375
p9718,俹儚儞僷儞儅儞,0,0,0,0,0,2333,4000
p9737,俹傕偭偲偁傇側偄孻帠,0,0,0,0,0,2300,4483
p9902,俹俥偁傝傆傟偨怑嬈偱悽奅嵟嫮,0,0,0,0,0,2142,1666
p9973,俹丂堎悽奅杺墹偲彚姭彮彈偺搝楆杺弍,0,0,0,0,0,1750,16571
p9729,俹惞摤巑惎栴丂挻棳惎丂惎栴僑乕儖僪倴倕倰丏俋俀亾,0,0,0,0,0,1666,2000
p9701,傁偪傫偙丂僉儞擏儅儞俁丂僉儞擏惎墹埵憟扗曇丂摿惙儈乕僩偔傫倴倕倰丏,0,0,0,0,0,1000,1000
p9608,傁偪傫偙丂壖柺儔僀僟乕丂埮偺儔僀僟乕倴倕倰丏,0,0,0,0,0,1000,1000
p9587,傁偪傫偙丂僉儞擏儅儞俁丂僉儞擏惎墹埵憟扗曇丂桭忣僔儖僶乕,0,0,0,0,0,1000,1000
p9586,傁偪傫偙丂僉儞擏儅儞俁丂僉儞擏惎墹埵憟扗曇丂壩帠応僑乕儖僪,0,0,0,0,0,1000,1000
p9506,傁偪傫偙丂擳栘嶁係俇,0,0,0,0,0,1000,1000
p9459,傁偪傫偙丂搤偺僜僫僞丂俽倂俤俤俿丂倂丂俫俙俹俹倄丂倁倕倰倱倝倧値,0,0,0,0,0,1000,1000
p9408,傁偪傫偙丂壖柺儔僀僟乕丂俧俷乚俷俶丂俴俬俧俫俿,0,0,0,0,0,1000,1000
p9291,傁偪傫偙丂搤偺僜僫僞丂俥俷俼俤倁俤俼,0,0,0,0,0,1000,1000
p9253,傁偪傫偙丂寑応斉丂杺朄彮彈傑偳偐仚儅僊僇丂僉儏僁傋偊倴倕倰丏,0,0,0,0,0,1000,1000
p9216,傁偪傫偙丂怴丒昁嶦巇抲恖丂俿倀俼俛俷,0,0,0,0,0,1000,1000
p9651,俹儌儞僗僞乕僴儞僞乕僟僽儖僋儘僗丂楢懕庪椔倴倕倰丏,0,0,0,0,0,1000,1000
p9631,僨僕僴僱俹俙壩梛僒僗儁儞僗寑応丂嵟屻偺悇棟,0,0,0,0,0,1000,1000
p9611,俹摢暥帤俢,0,0,0,0,0,1000,1000
p9595,僨僕僴僱俹憮揤偺対丂憃棿,0,0,0,0,0,1000,1000
p9570,俹恀丒杒搇柍憃丂戞俁復丂僕儍僊偺媡廝,0,0,0,0,0,1000,1000
p9552,俹杒搇偺対俉丂媶嬌棎悽,0,0,0,0,0,1000,1000
p9541,俹恀丒杒搇柍憃丂俼倕丗俁侾俋倴倕倰丏,0,0,0,0,0,1000,1000
p9508,俹杒搇偺対俋丂摤恄,0,0,0,0,0,1000,1000
p9477,僨僕僴僱俹乹暔岅乺僔儕乕僘丂僙僇儞僪僔乕僘儞,0,0,0,0,0,1000,1000
p9466,俹儌儞僗僞乕僴儞僞乕僟僽儖僋儘僗,0,0,0,0,0,1000,1000
p9427,僨僕僴僱俹俙恀丒杒搇柍憃丂戞俀復丂楢寕俤倓倝倲倝倧値,0,0,0,0,0,1000,1000
p9410,俹壩梛僒僗儁儞僗寑応丂嵟屻偺悇棟,0,0,0,0,0,1000,1000
p9399,俹憮揤偺対丂揤崗,0,0,0,0,0,1000,1000
p9398,俹挻僴僱廱墹,0,0,0,0,0,1000,1000
p9354,俹杒搇偺対俉丂媬悽庡,0,0,0,0,0,1000,1000
p9344,俹峛揝忛偺僇僶僱儕丂俀侾俋倁倕倰丏,0,0,0,0,0,1000,1000
p9343,俹峛揝忛偺僇僶僱儕丂俁侾俋丂妎惲倁倕倰丏,0,0,0,0,0,1000,1000
p9299,俹乹暔岅乺僔儕乕僘丂僙僇儞僪僔乕僘儞,0,0,0,0,0,1000,1000
p9257,俹恀丒杒搇柍憃丂戞俁復,0,0,0,0,0,1000,1000
p9620,俹俥憮鈛偺僼傽僼僫乕俁丂俤倃俷俢倀俽丂挻憮鈛俁俉侽侽倴倕倰丏,0,0,0,0,0,1000,1000
p9672,俹俙俥儅僋儘僗僼儘儞僥傿傾係丂俉俉倴倕倰丏,0,0,0,0,0,1000,6333
p9673,俹俥愴昉愨彞僔儞僼僅僊傾俁墿嬥愨彞,0,0,0,0,0,1000,1000
p9649,俹俥偐傜偔傝僒乕僇僗,0,0,0,0,0,1000,1000
p9610,俹俥僟儞僕儑儞偵弌夛偄傪媮傔傞偺偼娫堘偭偰偄傞偩傠偆偐,0,0,0,0,0,1000,1000
p9592,俹俥傾僀僪儖儅僗僞乕丂儈儕僆儞儔僀僽両丂俴倝倗倛倲丂倴倕倰丏,0,0,0,0,0,1000,1000
p9544,俹俥妚柦婡償傽儖償儗僀償俀俴倝倗倛倲倴倕倰丏,0,0,0,0,0,1000,1000
p9457,俹俥儅僋儘僗僼儘儞僥傿傾係,0,0,0,0,0,1000,1000
p9469,俹俥愴昉愨彞僔儞僼僅僊傾俀丂侾乛俀俁侽倴倕倰丏,0,0,0,0,0,1000,1000
p9424,俹俥丂婡摦愴巑僈儞僟儉儐僯僐乕儞,0,0,0,0,0,1000,1000
p9374,俹俥僑儖僑侾俁幘晽儅僔儞僈儞倴倕倰丏,0,0,0,0,0,1000,
p9350,俹俥妚柦婡償傽儖償儗僀償俀,0,0,0,0,0,1000,1000
p9294,俹俥愴昉愨彞僔儞僼僅僊傾乮娒僨僕乯,0,0,0,0,0,1000,1000
p9298,俹俥傾僀僪儖儅僗僞乕丂儈儕僆儞儔僀僽両,0,0,0,0,0,1000,1000
p9275,俹俙俥恀壴寧俀丂俴倝倗倛倲丂倁倕倰丏,0,0,0,0,0,1000,1000
p9274,俹僗乕僷乕僐儞價兛俈俆侽侽,0,0,0,0,0,1000,1000
p9262,俹俥僞僀僈乕儅僗僋倂,0,0,0,0,0,1000,1000
p9237,俹俥僑儖僑侾俁丂幘晽倴倕倰丏,0,0,0,0,0,1000,1000
p9210,俹俥傾僋僄儕僆儞俙俴俴丂俽俿俙俼俽丂俴俬俧俫俿倴倕倰丏,0,0,0,0,0,1000,1000
p9702,俹恀丒夊楾俀,0,0,0,0,0,1000,15500
p9684,俹夊楾俵倀俽俤倀俵,0,0,0,0,0,1000,1000
p9666,俹寖僨僕丂恀丒夊楾,0,0,0,0,0,1000,1000
p9646,俹悽奅偱偄偪偽傫嫮偔側傝偨偄両倂栥俽俿俙俼倴倕倰,0,0,0,0,0,1000,1000
p9618,俹僉儍僾僥儞梼丂庒椦娒偊傫側傛両丂倁倕倰丏,0,0,0,0,0,1000,1000
p9596,俹俙嫄恖偺惎丂柧巕俀侽侽侽倁倕倰,0,0,0,0,0,1000,1000
p9583,俹俙寖僨僕徫僁偣偉傞偡傑傫丂嵟屻偺拤崘俵俹倄,0,0,0,0,0,1000,1000
p9535,俹夊楾寧擑僲椃恖鉐丂俧俬俧俙丂俧俫俷俽俿丂倁倕倰丏,0,0,0,0,0,1000,1000
p9534,俹僉儍僾僥儞梼庒椦倴倕倰丏,0,0,0,0,0,1000,1000
p9463,俹僑僢僪僀乕僞乕媶嬌堦慚,0,0,0,0,0,1000,1000
p9434,俹僉儍僾僥儞梼俀侽俀侽,0,0,0,0,0,1000,1000
p9418,俹悽奅偱偄偪偽傫嫮偔側傝偨偄両,0,0,0,0,0,1000,1000
p9400,俹嫄恖偺惎丂堦媴擖嵃俁侽侽侽,0,0,0,0,0,1000,1000
p9394,俹夊楾寧擑僲椃恖,0,0,0,0,0,1000,1000
p9385,俹俙寖僨僕僕儏乕僔乕僴僯乕俁,0,0,0,0,0,1000,1000
p9330,俹徫僁偣偉傞偡傑傫丂嵟屻偺拤崘,0,0,0,0,0,1000,1000
p9309,俹僕儏乕僔乕僴僯乕俁,0,0,0,0,0,1000,1000
p9263,俹夊楾僐儗僋僔儑儞梀僞僀儉倴倕倰丏,0,0,0,0,0,1000,1000
p9235,俹恀丒夊楾,0,0,0,0,0,1000,1000
p9696,俹僗僩儔僀僋僂傿僢僠乕僘俀丂侾俀俋倴倕倰丏,0,0,0,0,0,1000,1666
p9674,俹俙尦慶戝岺偺尮偝傫俀,0,0,0,0,0,1000,1000
p9652,俹俙怴奀暔岅,0,0,0,0,0,1000,1000
p9625,俹僗乕僷乕奀暔岅丂俬俶丂壂撽俆丂栭嶗挻慁晽,0,0,0,0,0,1000,1000
p9563,俹戝岺偺尮偝傫丂挻梃懯揤丂俛俴俙俠俲,0,0,0,0,0,1000,1000
p9562,俹僗僩儔僀僋僂傿僢僠乕僘俀,0,0,0,0,0,1000,1000
p9493,俹俙奀暔岅俁俼俀僗儁僔儍儖,0,0,0,0,0,1000,1000
p9461,俹僗乕僷乕奀暔岅丂俬俶丂壂撽俆丂嶗倴倕倰丏侾俋俋,0,0,0,0,0,1000,1000
p9460,俹僗乕僷乕奀暔岅丂俬俶丂壂撽俆丂嶗倴倕倰丏俁侾俋,0,0,0,0,0,1000,1000
p9421,俹俙僗乕僷乕奀暔岅丂俬俶丂壂撽俆丂倵倝倲倛丂傾僀儅儕儞,0,0,0,0,0,1000,1000
p9419,俹傑傢傞傫戝奀暔岅係僗儁僔儍儖丂倂倝倲倛傾僌僱僗丒儔儉丂侾侾俋倴倕倰丏,0,0,0,0,0,1000,1000
p9420,俹俙僗乕僷乕奀暔岅丂俬俶丂俰俙俹俙俶俀丂嬥晉巑丂俋俋僶乕僕儑儞,0,0,0,0,0,1000,1000
p9393,俹僗乕僷乕奀暔岅丂俬俶丂壂撽俆,0,0,0,0,0,1000,1000
p9368,俹戝奀暔岅係僗儁僔儍儖俛俴俙俠俲,0,0,0,0,0,1000,1000
p9335,俹戝岺偺尮偝傫丂挻梃懯揤丂俴俬俧俫俿,0,0,0,0,0,1000,1000
p9296,俹俙戝奀暔岅係僗儁僔儍儖丂倂倝倲倛傾僌僱僗丒儔儉,0,0,0,0,0,1000,1000
p9256,俹戝奀暔岅係僗儁僔儍儖,0,0,0,0,0,1000,1000
p9692,俹傂偖傜偟偺側偔崰偵乣錛乣,0,0,0,0,0,1000,1000
p9642,俹恀丒堦婻摉愮,0,0,0,0,0,1000,1000
p9548,俹傂偖傜偟偺側偔崰偵乣嵤乣,0,0,0,0,0,1000,1000
p9464,俹恄丒揤嵥僶僇儃儞乣恄俽俹俤俠乣,0,0,0,0,0,1000,1000
p9417,俹傂偖傜偟偺側偔崰偵乣殤乣,0,0,0,0,0,1000,1000
p9411,俹拞怷柧嵷丒壧昉揱愢乣俿俫俤丂俛俤俽俿丂俴俤俧俤俶俢乣侾乛俋俋倴倕倰,0,0,0,0,0,1000,1000
p9338,俹拞怷柧嵷丒壧昉揱愢乣俿俫俤丂俛俤俽俿丂俴俤俧俤俶俢乣,0,0,0,0,0,1000,1000
p9295,俹傂偖傜偟偺側偔崰偵乣弖乣,0,0,0,0,0,1000,1000
p9688,俹慘宍暯師俁丂俢俤俶俲俷倀俽俤俲俲俙丂暯師倁倕倰丏,0,0,0,0,0,1000,1000
p9644,俹偁偭傁傟両壞暔岅丂僪僇儞両両偲堦敪俈侽侽侽倁倕倰丏,0,0,0,0,0,1000,1000
p9639,俹儕傾儖婼偛偭偙俀丂慡椡幘憱僠儍乕僕墹條倁倕倰丏,0,0,0,0,0,1000,1000
p9622,俹傜傫傑侾乛俀丂擬寣奿摤梀媃丂俋俋倁倕倰丏,0,0,0,0,0,1000,1000
p9593,俹堦媴嵃俧俷俴俢僺儔儈僢揱,0,0,0,0,0,1000,1000
p9576,俠偺徴寕両両俹抏媴栙帵榐僇僀僕俆丂揹寕僠儍乕僕榓栫倁倕倰丏,0,0,0,0,0,1000,1000
p9550,俹丂俢俢杒搇偺対俀丂偮偄偱偵垽傪偲傝傕偳偣両両丂働儞僔儘僂俋俋丂僩僉倁倕倰丏,0,0,0,0,0,1000,1000
p9551,俹丂俢俢杒搇偺対俀丂偮偄偱偵垽傪偲傝傕偳偣両両丂儔僆僂俋俋丂傾儈倁倕倰丏,0,0,0,0,0,1000,1000
p9527,俹傜傫傑侾乛俀丂擬寣奿摤梀媃丂侾俋俋倁倕倰丏,0,0,0,0,0,1000,1000
p9510,俹僇僀僕揝崪搉傝丂彑晧曇俈侽侽侽,0,0,0,0,0,1000,1000
p9472,俹儕傾儖婼偛偭偙俀丂慡椡幘憱僠儍乕僕婼倁倕倰丏,0,0,0,0,0,1000,1000
p9468,俹彈恄僪儕乕儉,0,0,0,0,0,1000,1000
p9440,俹丂俢俢杒搇偺対俀丂偮偄偱偵垽傪偲傝傕偳偣両両丂儔僆僂侾俋俋倁倕倰丏,0,0,0,0,0,1000,1000
p9403,俹慚棎僇僌儔俀丂僷僀傑傒傟俋俋倁倕倰丏,0,0,0,0,0,1000,1000
p9402,俹妛墍栙帵榐僴僀僗僋乕儖丒僆僽丒僓丒僨僢僪俀丂抏娵俉俉倁倕倰丏,0,0,0,0,0,1000,1000
p9387,俹抏媴栙帵榐僇僀僕俆丂揹寕僠儍乕僕倁倕倰丏俛,0,0,0,0,0,1000,1000
p9386,俹抏媴栙帵榐僇僀僕俆丂揹寕僠儍乕僕倁倕倰丏俙,0,0,0,0,0,1000,1000
p9351,俹丂俢俢杒搇偺対俀丂偮偄偱偵垽傪偲傝傕偳偣両両丂働儞僔儘僂俁侾俋倁倕倰丏,0,0,0,0,0,1000,1000
p9327,俹埨怱傁偪傫偙僉儗僷儞僟倝値儕僝乕僩,0,0,0,0,0,1000,1000
p9278,俹慚棎僇僌儔俀丂嫻桇傞侾俋俋倁倕倰丏,0,0,0,0,0,1000,1000
p9238,俹妛墍栙帵榐僴僀僗僋乕儖丒僆僽丒僓丒僨僢僪俀丂抏娵俁侾俋倁倕倰丏,0,0,0,0,0,1000,1000
p9505,俹儈僯儈僯儌儞僗僞乕丂僪儔儉倴倕倰,0,0,0,0,0,1000,1000
p9685,俹壺攙俼俼倵倝倲倛惔悈偁偄傝丂侾俆侽倓倕梀僞僀儉,0,0,0,0,0,1000,1000
p9657,俹丂俙俶俷俿俫俤俼丂倂俬俴俢丂俼俷俢俤俷乣僗僊偪傖傫偭僗乣,0,0,0,0,0,1000,1000
p9623,俹僐儅僐儅嬩妝晹倵倝倲倛嶁杮搤旤丂侾俋俋倴倕倰丏,0,0,0,0,0,1000,1000
p9540,俹倷倕倱両崅恵僋儕僯僢僋乣挻惍宍俛俴俙俠俲乣,0,0,0,0,0,1000,1000
p9471,俹俙嫞彈両両両両両両両両乚俲俤俬俰俷乚俋俋倁倕倰丏,0,0,0,0,0,1000,1000
p9430,俹愨挻揹栶僪儔僪儔揤崙俀係侽侽乚俋俋倁倕倰丏,0,0,0,0,0,1000,1000
p9384,俹俙丂俽倀俹俤俼揹栶僫僫僔乕俽俹俤俠俬俙俴俇俇,0,0,0,0,0,1000,1000
p9367,俹嫞彈両両両両両両両両乚俲俤俬俰俷乚侾俋俋倁倕倰丏,0,0,0,0,0,1000,1000
p9366,俹嫞彈両両両両両両両両乚俲俤俬俰俷乚俁侾俋倁倕倰丏,0,0,0,0,0,1000,1000
p9321,俹僶乕僗僩僄儞僕僃儖俁丂侾俋俋倁倕倰丏,0,0,0,0,0,1000,1000
p9283,俹儚僀儖僪儘僨僆俇俈俆侽偩偤偉,0,0,0,0,0,1000,1000
p9665,俹儌儌僉儏儞僜乕僪慚寕俧俠俙,0,0,0,0,0,1000,1000
p9664,俹搧巊僲涋彈丂娒僨僕倴倕倰丏,0,0,0,0,0,1000,1000
p9653,俹寢忛桭撧偼桬幰偱偁傞俙俴俴俼倀俽俫丂俧俠俙倎,0,0,0,0,0,1000,1000
p9582,俹壴枮奐丂寧岝俧俠俙,0,0,0,0,0,1000,1000
p9559,俹偍偽偗傜傫偳俀侽俀俀,0,0,0,0,0,1000,1000
p9546,俹搧巊僲涋彈,0,0,0,0,0,1000,1000
p9504,俹弔堦斣乣楒奊姫乣丂娒僨僕,0,0,0,0,0,1000,1000
p9487,俹怐揷怣撧偺栰朷丂慡崙斉俧俠俀俆侽俙倎,0,0,0,0,0,1000,1000
p9467,俹壴枮奐丂寧岝丂俿俫俤丂俥俬俶俙俴,0,0,0,0,0,1000,1000
p9445,俹儌儞僉乕僞乕儞倁丂俧俠俀俆侽俙,0,0,0,0,0,1000,1000
p9404,俹儌儌僉儏儞僜乕僪慚寕,0,0,0,0,0,1000,1000
p9337,俹怐揷怣撧偺栰朷丂慡崙斉俵俧倎,0,0,0,0,0,1000,1000
p9314,俹儌儞僉乕僞乕儞倁丂俵俢,0,0,0,0,0,1000,
p9268,俹儌儌僉儏儞僜乕僪俧俠俀俆侽俙,0,0,0,0,0,1000,1000
p9270,俹弔堦斣乣楒奊姫乣俵俛,0,0,0,0,0,1000,1000
p9269,俹弔堦斣乣楒奊姫乣倅俤,0,0,0,0,0,1000,1000
p9240,俹寢忛桭撧偼桬幰偱偁傞,0,0,0,0,0,1000,1000
p9699,俹僨價儖儅儞乣幘晽恦棆乣丂侾俀俋倴倕倰丏,0,0,0,0,0,1000,4571
p9686,俹恀丒夦廱墹僑僕儔俀,0,0,0,0,0,1000,1000
p9647,俹俙價價僢僪儗僢僪丒僆儁儗乕僔儑儞丂俽倵倕倕倲傕傕俋俋倴倕倰丏,0,0,0,0,0,1000,1000
p9648,俹偩傞傑偭偟傘俀,0,0,0,0,0,1000,1000
p9633,俹偁傇側偄孻帠丂侾俀俋倴倕倰丏,0,0,0,0,0,1000,1000
p9612,俹偼偖傟孻帠弮忣攈,0,0,0,0,0,1000,1000
p9578,俹俙恀丒壴偺宑師俀丂幗崟偺徴寕丂俋俋倴倕倰丏,0,0,0,0,0,1000,1000
p9580,俹俙栰惗偺墹崙乣偳傜傓僒僼傽儕乣俋俋倁倕倰丏,0,0,0,0,0,1000,1000
p9579,俹栰惗偺墹崙乣偳傜傓僒僼傽儕乣侾俆俋倁倕倰丏,0,0,0,0,0,1000,1000
p9554,俹俙僈乕儖僼儗儞僪乮壖乯丂俋俋倴倕倰丏,0,0,0,0,0,1000,1000
p9532,俹恀丒壴偺宑師俁,0,0,0,0,0,1000,1000
p9499,俹俙栰惗偺墹崙俧俷丂俋俋倴倕倰丏,0,0,0,0,0,1000,1000
p9489,俹恀丒壴偺宑師俀丂幗崟偺徴寕丂俤倃俿俼俙丂俼倀俽俫,0,0,0,0,0,1000,1000
p9488,俹侽侽俋丂俼俤丗俠倄俛俷俼俧丂俙俠俠俤俴俤俼俙俿俷俼丂俤俢俬俿俬俷俶,0,0,0,0,0,1000,1000
p9441,俹僨價儖儅儞乣幘晽恦棆乣,0,0,0,0,0,1000,1000
p9455,俹俙傁偪傫偙忔暔柡俈俈倴倕倰丏,0,0,0,0,0,1000,1000
p9416,俹偁傇側偄孻帠,0,0,0,0,0,1000,1000
p9380,俹儀儖僙儖僋柍憃,0,0,0,0,0,1000,1000
p9371,俹壴偺宑師乣楡丂侾俋俋倴倕倰丏,0,0,0,0,0,1000,1000
p9336,俹僈乕儖僼儗儞僪乮壖乯,0,0,0,0,0,1000,1000
p9310,俹栰惗偺墹崙俧俷丂俵俀乚俿,0,0,0,0,0,1000,
p9287,俹俙壴偺宑師乣楡,0,0,0,0,0,1000,1000
p9250,俹傁偪傫偙丂忔暔柡丂倂俬俿俫丂俠倄俛俤俼俰俙俹俙俶乮俼乯俢俙俶俠俤俼俽丂俵俆乚俲侾,0,0,0,0,0,1000,1000
p9252,俹俙愴崙俛俙俽俙俼俙丂俶乚俆倁侾,0,0,0,0,0,1000,1000
p9234,俹媊晽摪乆両両乣寭懕偲宑師乣俀丂俶乚倃,0,0,0,0,0,1000,1000
p9227,俹俙恀丒夦廱墹僑僕儔丂俶俴乚俲侾,0,0,0,0,0,1000,
p9198,俹俙傁偪傫偙丂僈儔僗偺壖柺俶乚俲侾,0,0,0,0,0,1000,1000
p9706,俹塅拡愴娡儎儅僩俀俀侽俀丂垽偺愴巑偨偪丂俴倝倗倛倲丂倴倕倰丏,0,0,0,0,0,1000,1000
p9661,俹塅拡愴娡儎儅僩俀俀侽俀丂乚俷俶俴倄丂俷俶俤乚,0,0,0,0,0,1000,1000
p9590,俹僐乕僪僊傾僗丂斀媡偺儖儖乕僔儏丂俴倝倗倛倲丂倴倕倰丏,0,0,0,0,0,1000,1000
p9509,怴悽婭僄償傽儞僎儕僆儞乣枹棃傊偺欞欿乣,0,0,0,0,0,1000,1000
p9456,俹僐乕僪僊傾僗丂斀媡偺儖儖乕僔儏丂儔僀僩儈僪儖倴倕倰丏,0,0,0,0,0,1000,1000
p9412,俹塅拡愴娡儎儅僩俀俀侽俀丂垽偺愴巑偨偪,0,0,0,0,0,1000,1000
p9317,怴悽婭僄償傽儞僎儕僆儞丂寛愴丂僾儗儈傾儉儌僨儖,0,0,0,0,0,1000,1000
p9288,俹僐乕僪僊傾僗丂斀媡偺儖儖乕僔儏,0,0,0,0,0,1000,1000
p9236,怴悽婭僄償傽儞僎儕僆儞丂寛愴乣恀峠乣,0,0,0,0,0,1000,1000
p9667,俹僒儔儕乕儅儞嬥懢榊,0,0,0,0,0,1000,1000
p9634,俹僗僩儕乕僩僼傽僀僞乕倁,0,0,0,0,0,1000,1000
p9616,俹俙恀丒朶傟傫朧彨孯俋俋倁倕倰丏,0,0,0,0,0,1000,1000
p9597,俹傾儗僕儞丂僾儗儈傾儉,0,0,0,0,0,1000,1000
p9577,俹偳側偄傗偹傫,0,0,0,0,0,1000,1000
p9553,俹偲偁傞壢妛偺挻揹帴朇,0,0,0,0,0,1000,1000
p9474,俹抧崠彮彈丂壺俥俵俛,0,0,0,0,0,1000,1000
p9422,俹恀丒朶傟傫朧彨孯丂憃寕俥俵俧,0,0,0,0,0,1000,1000
p9425,俹丂儕儞僌丂庺偄偺俈擔娫俀丂俥倂俙,0,0,0,0,0,1000,1000
p9365,俹抧崠彮彈丂偒偔傝偺偍嵳傝俴俬倁俤丂俥倂俙,0,0,0,0,0,1000,1000
p9348,俹俙儕儞僌丂僶乕僗僨僀丂庺偄偺巒傑傝俥倂俠,0,0,0,0,0,1000,1000
p9333,俹旉抏偺傾儕傾丂乣旉抏妎惲曇乣,0,0,0,0,0,1000,1000
p9286,俹俙掑巕倴倱壘灲巕丂捀忋寛愴俥倂俙,0,0,0,0,0,1000,1000
p9243,俹儕儞僌丂庺偄偺俈擔娫俀丂俥俽俙,0,0,0,0,0,1000,1000
p9694,俹儖僷儞嶰悽丂徚偝傟偨儖僷儞俀侽俀俀,0,0,0,0,0,1000,7083
p9637,俹儖僷儞嶰悽乣暅妶偺儅儌乕乣娒僨僕,0,0,0,0,0,1000,1000
p9627,俹杻悵暔岅係,0,0,0,0,0,1000,1000
p9558,俹怴婼晲幰丂俢俙倂俶丂俷俥丂俢俼俤俙俵俽丂娒僨僕,0,0,0,0,0,1000,1000
p9538,俹儖僷儞嶰悽丂俀侽侽侽僇儔僢僩偺椳,0,0,0,0,0,1000,1000
p9498,俹僈乕儖僘仌僷儞僣傽乕寑応斉丂娒僨僕,0,0,0,0,0,1000,1000
p9448,俹丂俰俙倂俽俁丂俴俬俧俫俿,0,0,0,0,0,1000,1000
p9450,俹儖僷儞嶰悽乣暅妶偺儅儌乕乣俀侾俋倴倕倰丏,0,0,0,0,0,1000,1000
p9415,俹怴婼晲幰丂俢俙倂俶丂俷俥丂俢俼俤俙俵俽,0,0,0,0,0,1000,1000
p9356,俹僈乕儖僘仌僷儞僣傽乕丂寑応斉,0,0,0,0,0,1000,1000
p9292,俹丂俰俙倂俽俁丂俽俫俙俼俲丂俹俙俶俬俠乣怺暎乣,0,0,0,0,0,1000,1000
p9307,俹恀丒墿栧偪傖傑丂娒僨僕,0,0,0,0,0,1000,1000
p9245,俹儖僷儞嶰悽乣暅妶偺儅儌乕乣,0,0,0,0,0,1000,1000
p9221,俹楏壩偺墛俁丂娒僨僕,0,0,0,0,0,1000,1000
p9662,俹恀僔儍僇俼倀俽俫丂俰倰丏丂侾侾俈丂俙俀,0,0,0,0,0,1000,1000
p9655,俹恀僔儍僇俼倀俽俫丂俰倰丏丂侾侾俈,0,0,0,0,0,1000,1000
p9600,俹巶巕墹,0,0,0,0,0,1000,1000
p9397,俹揤棿亣俀,0,0,0,0,0,1000,1000
p9280,俹恀僔儍僇俼倀俽俫,0,0,0,0,0,1000,1000
p9678,俹僶僕儕僗僋丂乣嶗壴擡朄挓乣憗嶇偒嶗俋俋倴倕倰丏,0,0,0,0,0,1000,1000
p9629,俹恀僶僕儕僗僋乣峛夑擡朄挓乣,0,0,0,0,0,1000,1000
p9567,俹俙僫儉僐僐儗僋僔儑儞俀丂僗僀乕僩僎乕儉倴倕倰丏,0,0,0,0,0,1000,1000
p9566,俹僫儉僐僐儗僋僔儑儞俀,0,0,0,0,0,1000,1000
p9507,俹僨價儖儊僀僋儔僀係丂僋儗僀僕乕僶僩儖,0,0,0,0,0,1000,1000
p9437,俹俙僫儉僐僐儗僋僔儑儞俉俋倴倕倰丏,0,0,0,0,0,1000,1000
p9391,俹僶僕儕僗僋丂乣嶗壴擡朄挓乣,0,0,0,0,0,1000,1000
p9342,俹僶僕儕僗僋乣峛夑擡朄挓乣俀丂濷偺復,0,0,0,0,0,1000,1000
p9282,俹傾僫僓乕僑僢僪億僙僀僪儞乚搟煼偺恄寕乚,0,0,0,0,0,1000,1000
p9247,俹俙僴僀僗僋乕儖丒僼儕乕僩丂僗僀乕僩偱僴僢僺乕両,0,0,0,0,0,1000,1000
p9537,俹丂俼倕丗僛儘偐傜巒傔傞堎悽奅惗妶丂婼偑偐傝倴倕倰丏,0,0,0,0,0,1000,1000
p9308,俹丂俼倕丗僛儘偐傜巒傔傞堎悽奅惗妶,0,0,0,0,0,1000,1000
p9491,俹丂俰乚俼倀俽俫俆丂俼俽俰,0,0,0,0,0,1000,1000
p9490,俹丂俰乚俼倀俽俫俆丂俫俽俰,0,0,0,0,0,1000,1000
p9383,俹俥僷儚僼儖,0,0,0,0,0,1000,1000
p9323,俹僷僩儔僢僔儏倁丂俧俼俤俤俶,0,0,0,0,0,1000,
p9322,俹僷僩儔僢僔儏倁丂俼俤俢,0,0,0,0,0,1000,1000
p9225,俹俥僋傿乕儞俬俬,0,0,0,0,0,1000,1000
p9659,俹墿栧偪傖傑丂恄惙俀,0,0,0,0,0,1000,1000
p9638,俹愴崙壋彈丂俴俤俧俤俶俢丂俛俙俿俿俴俤,0,0,0,0,0,1000,1000
p9626,俹傔偧傫堦崗乣倂倕倓倓倝値倗丂俽倲倧倰倷乣丂娒僨僕,0,0,0,0,0,1000,1000
p9481,俹僶僉侾俋俋倴倕倰丏,0,0,0,0,0,1000,1000
p9480,俹僶僉俁侾俋倴倕倰丏,0,0,0,0,0,1000,1000
p9478,俹僺儞僋丒儗僨傿乕丂娒僨僕,0,0,0,0,0,1000,1000
p9449,俹偆傑偄朹係俆侽侽乣侾侽俆侽侽,0,0,0,0,0,1000,1000
p9407,俹傔偧傫堦崗乣倂倕倓倓倝値倗丂俽倲倧倰倷乣,0,0,0,0,0,1000,1000
p9390,俹僯儏乕僩僉僆丂僿僜僞僀僾,0,0,0,0,0,1000,1000
p9389,俹僯儏乕僩僉僆丂僴僇儅僞僀僾,0,0,0,0,0,1000,1000
p9377,俹愴崙壋彈俇乣嬇偺娭儢尨乣娒僨僕,0,0,0,0,0,1000,1000
p9355,俹僺儞僋丒儗僨傿乕,0,0,0,0,0,1000,1000
p9326,俹嬧壨揝摴俋俋俋俧俷俴俢俤俶丂娒僨僕,0,0,0,0,0,1000,1000
p9602,俹尦慶僊儞僊儔僷儔僟僀僗,0,0,0,0,0,1000,1000
p9549,俹俙僊儞僊儔僷儔僟僀僗丂柌尪僇乕僯僶儖丂嫮俋俋倴倕倰丏,0,0,0,0,0,1000,1000
p9360,俹僊儞僊儔僷儔僟僀僗丂柌尪僇乕僯僶儖丂侾俋俋倴倕倰丏,0,0,0,0,0,1000,1000
p9359,俹僊儞僊儔僷儔僟僀僗丂柌尪僇乕僯僶儖丂俁侾俋倴倕倰丏,0,0,0,0,0,1000,1000
p9313,俹俙傢傫傢傫僷儔僟僀僗倁,0,0,0,0,0,1000,1000
p9239,俹俙僪儔儉奀暔岅俬俶丂俰俙俹俙俶,0,0,0,0,0,1000,1000
p9716,傁偪傫偙丂僂儖僩儔儅儞僥傿僈丂侾俆侽侽亊俉係,0,0,0,0,0,1000,6250
p9679,傁偪傫偙丂俧俙俶俿倅丗俁丂俴俙俽俿丂俛俙俿俿俴俤,0,0,0,0,0,1000,1000
p9569,傁偪傫偙丂僂儖僩儔儅儞僞儘僂俀丂挻寛愴丂俴俬俧俫俿丂倴倕倰丏,0,0,0,0,0,1000,1000
p9482,傁偪傫偙丂僂儖僩儔俇孼掜丂俴倝倗倛倲丂倁倕倰倱倝倧値,0,0,0,0,0,1000,1000
p9375,傁偪傫偙丂僂儖僩儔儅儞僞儘僂俀,0,0,0,0,0,1000,1000
p9363,傁偪傫偙丂俧俙俶俿倅嬌,0,0,0,0,0,1000,1000
p9341,傁偪傫偙丂俙俲俛係俉丂嶗丂俴俬俧俫俿丂倴倕倰丏,0,0,0,0,0,1000,1000
p9334,傁偪傫偙丂俧俙俶俿倅丗俀丂俽倵倕倕倲丂偽乕偠傚傫,0,0,0,0,0,1000,1000
p9264,傁偪傫偙丂僂儖僩儔僙僽儞丂挻棎晳,0,0,0,0,0,1000,1000
p9536,俹丂俧俷俧俷僺儔儈僢僪婋婡堦敪係俆侽侽,0,0,0,0,0,1000,1000
p9574,傁偪傫偙愴崙僐儗僋僔儑儞俛俴俙俠俲,0,0,0,0,0,1000,1000
p9483,俹俙傁偪傫偙愴崙僐儗僋僔儑儞彫埆杺俋俋,0,0,0,0,0,1000,1000
p9312,傁偪傫偙愴崙僐儗僋僔儑儞,0,0,0,0,0,1000,1000
p9228,傁偪傫偙俧俬桪弜嬩妝晹梀僞僀儉晅,0,0,0,0,0,1000,1000
p9700,俹偆偟偍偲偲傜乣挻廱俽俹俤俠乣,0,0,0,0,0,1000,6400
p9695,俹將栭嵆俀,0,0,0,0,0,1000,1000
p9619,俹拞怷柧嵷丒壧昉揱愢乣俿俫俤丂俛俤俽俿丂俴俤俧俤俶俢乣侾俋俋倴倕倰,0,0,0,0,0,1000,1000
p9260,俹僷僀儗乕僣僆僽僟僀僫儅僀僩僉儞僌,0,0,0,0,0,1000,1000
p9233,俹偍偦徏偝傫偺婃挘傟両僑乕儖僨儞儘乕僪俇俀俆倁俤俼丏,0,0,0,0,0,1000,1000
p9689,俹僔儞僨儗儔僽儗僀僪,0,0,0,0,0,1000,1000
p9565,俹偲偁傞杺弍偺嬛彂栚榐丂俴倝倗倛倲丂俹俼俤俵俬倀俵丂倴倕倰丏,0,0,0,0,0,1000,1000
p9452,俹俙丂俥俙俬俼倄丂俿俙俬俴俀丂俰倂俙,0,0,0,0,0,1000,1000
p9454,俹俙墦嶳偺嬥偝傫俀丂墦嶳嶗偲壺偺枾掋俰倂俢,0,0,0,0,0,1000,1000
p9453,俹墦嶳偺嬥偝傫俀丂墦嶳嶗偲壺偺枾掋俰俻俙,0,0,0,0,0,1000,1000
p9315,俹愴崙侕楒昉丂倁僠儍乕僕倴倕倰,0,0,0,0,0,1000,1000
p9304,俹丂俥俙俬俼倄丂俿俙俬俴俀,0,0,0,0,0,1000,1000
p9248,俹偲偁傞杺弍偺嬛彂栚榐,0,0,0,0,0,1000,1000
p9211,俹墦嶳偺嬥偝傫俀丂墦嶳嶗偲壺偺枾掋,0,0,0,0,0,1000,1000
p9108,傁偪傫偙丂僂儖僩儔俇孼掜,3,6,0,0,0,1000,
p9115,傁偪傫偙丂怴婼晲幰丂嫸婼棎晳丂俴倝倗倛倲丂倁倕倰倱倝倧値,4,5,0,0,0,1000,1000
p9016,傁偪傫偙丂僂儖僩儔僙僽儞俀丂俴倝倗倛倲丂倁倕倰倱倝倧値,3,5,0,0,0,1000,1000
p8982,傁偪傫偙丂怴丒昁嶦巇抲恖,6,6,0,0,0,1000,1000
p8908,傁偪傫偙搤偺僜僫僞俼倕倣倕倣倐倕倰丂俽倵倕倕倲丂倁倕倰倱倝倧値,7,15,0,0,0,1000,1000
p8847,傁偪傫偙丂昁嶦巇帠恖丂憤弌恮,4,9,0,0,0,1000,1000
p8790,傁偪傫偙怴婼晲幰丂挻丒憮寱,3,3,0,0,0,1000,1000
p8750,CR傁偪傫偙壖柺儔僀僟乕丂僼儖僗儘僢僩儖丂埮偺僶僩儖ver.,3,3,0,0,0,1000,1000
p8374,俠俼傁偪傫偙昁嶦巇帠恖倁,2,2,0,0,0,1000,1000
p8269,俠俼傁偪傫偙悈屗墿栧俬俬俬,1,1,0,0,0,1000,1000
p8258,偪傚偄僷僠丂俙俲俛係俉丂僶儔偺媀幃丂姰慡斉俁俋,1,1,0,0,0,1000,1000
p7862,俠俼傁偪傫偙壖柺儔僀僟乕僼儖僗儘僢僩儖,2,2,0,0,0,1000,1000
p7766,俠俼傛偟傕偲僞僂儞俴侾,1,1,0,0,0,1000,1000
p7683,俠俼俙俲俛係俉僶儔偺媀幃俽倵倕倕倲傑備備倁倕倰丏,1,1,0,0,0,1000,1000
p7536,俠俼僉儞擏儅儞柌偺挻恖僞僢僌曇俙侾,1,1,0,0,0,1000,1000
p7752,僀働僀働儅僴儘乚俁侽,1,1,0,0,0,1000,1000
p7261,俠俼僐乕僪僊傾僗丂斀媡偺儖儖乕僔儏,2,4,0,0,0,1000,1000
p7235,俠俼搤偺僜僫僞俥倝値倎倢俴俀乮俽倵倕倕倲俲倝倱倱倁倕倰倱倝倧値乯,1,1,0,0,0,1000,1000
p7208,俠俼壖柺儔僀僟乕倁俁,2,6,0,0,0,1000,1000
p7147,俠俼昁嶦巇帠恖偍嵳傝傢偭偟傚偄,1,1,0,0,0,1000,1000
p7022,俠俼僂儖僩儔儅儞僞儘僂埫崟偺媡廝,1,1,0,0,0,1000,1000
p6859,俠俼昁嶦巇帠恖嶗壴棎晳,1,1,0,0,0,1000,1000
p6726,俠俼挻揹帴儘儃僐儞丒僶僩儔乕倁,1,1,0,0,0,1000,1000
p6598,俠俼嬧壨揝摴俋俋俋俴倝倗倛倲倁倕倰倱倝倧値,1,2,0,0,0,1000,1000
p6538,俠俼昁嶦巇帠恖嘩,3,3,0,0,0,1000,1000
p9533,俹俥僑儖僑侾俁俴倝倗倛倲丂倴倕倰丏乽俀侽俀俀擭乿,1,1,0,0,0,1000,1000
p6255,俠俼慘宍暯師倵倝倲倛僠乕儉倅,3,8,0,0,0,1000,1000
p6090,俠俼愴崙柍憃俵俙倃俤俢俬俿俬俷俶,1,1,0,0,0,1000,1000
p5903,俠俼俙昁嶦巇帠恖嘨丂棾僶乕僕儑儞,1,1,0,0,0,1000,1000
p5754,俠俼憉夣旤嬻傂偽傝晄巰捁揱愢,1,1,0,0,0,1000,1000
p5031,俠俼搤偺僜僫僞俀,1,1,0,0,0,1000,1000
p5437,俠俼僉儞擏儅儞,1,1,0,0,0,1000,1000
p9096,俹價僢僌僪儕乕儉俀寖恄,2,2,0,0,0,1000,
p9037,僨僕僴僱俹俙僈僆僈僆僉儞僌俁,2,2,0,0,0,1000,1000
p9217,俹岎嬁帊曆僄僂儗僇僙僽儞丂俫俬乚俤倁俷俴倀俿俬俷俶丂倅俤俼俷,3,6,0,0,0,1000,1000
p9137,俹恀丒杒搇柍憃丂戞俀復丂捀忋寛愴,4,6,0,0,0,1000,1000
p9109,俹憮揤偺対丂憃棿,2,4,0,0,0,1000,
p9039,僨僕僴僱俹幍偮偺戝嵾丂僄儕僓儀僗倁倕倰丏,4,6,0,0,0,1000,1000
p8993,俹杒搇偺対俉攅墹,2,7,0,0,0,1000,
p8966,俹偁偺擔尒偨壴偺柤慜傪杔払偼傑偩抦傜側偄丅,4,5,0,0,0,1000,1000
p8821,僨僕僴僱俹俙杒搇偺対俈丂揤攋,2,8,0,0,0,1000,
p8765,傁偪傫偙塅拡愴娡儎儅僩2199 攇摦 199Ver.,4,5,0,0,0,1000,1000
p8764,傁偪傫偙塅拡愴娡儎儅僩2199 斀寕 219Ver.,2,3,0,0,0,1000,
p8696,傁偪傫偙俠俼恀丒杒搇柍憃丂戞俀復,1,2,0,0,0,1000,1000
p8662,傁偪傫偙俠俼幍偮偺戝嵾,1,1,0,0,0,1000,1000
p8524,傁偪傫偙俠俼傉傛傉傛,3,3,0,0,0,1000,1000
p8323,傁偪傫偙俠俼杒搇偺対俈丂揮惗,1,1,0,0,0,1000,1000
p7940,傁偪傫偙俠俼恀丒杒搇柍憃,2,9,0,0,0,1000,1000
p7859,俠俼俙僨僕僴僱惞愴巑僟儞僶僀儞俽倂俢俙,1,1,0,0,0,1000,1000
p7812,俠俼杒搇偺対俇揤隳昐楐俥俿俛,1,1,0,0,0,1000,1000
p7769,俠俼恄廱墹俀,2,2,0,0,0,1000,1000
p7727,俠俼壔暔岅俽俿俲乮僨僕僴僱乯,1,1,0,0,0,1000,1000
p7675,俠俼惞愴巑僟儞僶僀儞俥倂俶,1,1,0,0,0,1000,1000
p7531,俠俼杒搇偺対俇対墹,2,4,0,0,0,1000,1000
p7347,俠俼愴棎俛倳倰俽俿両俽倂,1,1,0,0,0,1000,1000
p7262,俠俼杒搇偺対俆昐楐,2,2,0,0,0,1000,1000
p6396,俠俼傾儔僕儞俶俤俷,1,2,0,0,0,1000,1000
p6229,俠俼杒搇偺対昐楐,1,2,0,0,0,1000,1000
p9591,俹俥傾僀僪儖儅僗僞乕丂儈儕僆儞儔僀僽両丂俁俋僼僃僗倴倕倰丏,2,5,0,0,0,1000,1000
p9201,俥僶僀僆僴僓乕僪丂儕儀儗乕僔儑儞僘俀丂俴俬俧俫俿倴倕倰丏,3,3,0,0,0,1000,1000
p9200,俥僶僀僆僴僓乕僪丂儕儀儗乕僔儑儞僘俀丂侾乛侾俋俋,3,3,0,0,0,1000,1000
p9179,俹俥愴昉愨彞僔儞僼僅僊傾俀,4,5,0,0,0,1000,1000
p9180,俹俥恀壴寧俀栭嶗僶乕僕儑儞,4,4,0,0,0,1000,1000
p9121,俹俥婡摦愴巑僈儞僟儉媡廝偺僔儍傾丂俴倝倗倛倲丂倴倕倰丏,3,4,0,0,0,1000,1000
p9102,俥儅僋儘僗僨儖僞丂倁乚儔僢僔儏丂倴倕倰丏,3,3,0,0,0,1000,1000
p9138,揝対丂嬌丂俽倂俤俤俿丂俠俷俵俛俷丂倁俤俼丏,3,3,0,0,0,1000,1000
p9072,俥憮鈛偺僼傽僼僫乕俀丂俴倝倗倛倲丂倴倕倰丏,2,2,0,0,0,1000,1000
p9073,俥僶僀僆僴僓乕僪丂儕儀儗乕僔儑儞僘俀,4,4,0,0,0,1000,
p9044,俹俙俥僗乕僷乕愴戉丂俴俬俧俫俿丂倴倕倰丏,2,2,0,0,0,1000,1000
p9045,俹俥僩乕僞儖丒僀僋儕僾僗,1,1,0,0,0,1000,
p9025,俹俥儅僋儘僗僼儘儞僥傿傾俁丂俴倝倗倛倲丂倴倕倰丏,2,3,0,0,0,1000,
p9026,俹俥傾僋僄儕僆儞倂丂婥帩偪偄偄乣両倴倕倰丏,2,2,0,0,0,1000,
p9010,俹俥婡摦愴巑僈儞僟儉丂媡廝偺僔儍傾,5,6,0,0,0,1000,1000
p8985,揝対丂嬌,2,6,0,0,0,1000,
p8992,俹俥儅僋儘僗儮丂愝掕晅,2,5,0,0,0,1000,
p8991,俹俥儅僋儘僗儮,3,5,0,0,0,1000,1000
p8953,俹俥僑儖僑侾俁俴倝倗倛倲丂倴倕倰丏,2,2,0,0,0,1000,1000
p8904,俹俥妚柦婡償傽儖償儗僀償倄俼,2,3,0,0,0,1000,
p8902,俹俥僗乕僷乕愴戉俽,3,3,0,0,0,1000,
p8859,俠俼俥儅僋儘僗僼儘儞僥傿傾俁俼,1,4,0,0,0,1000,1000
p8806,俠俼俥僑儖僑侾俁,1,1,0,0,0,1000,1000
p8719,俹俥俼乕侾俉倄俧,1,1,0,0,0,1000,1000
p8710,俹俥妚柦婡償傽儖償儗僀償倂,4,4,0,0,0,1000,1000
p8438,俠俼俥愴昉愨彞僔儞僼僅僊傾,1,1,0,0,0,1000,1000
p8273,俠俼僷僩儔僢僔儏俰丂俛俴倀俤,1,1,0,0,0,1000,1000
p7451,俠俼俥椓媨僴儖僸偺桱烼倅,1,1,0,0,0,1000,1000
p7019,俠俼俥婡摦愴巑僈儞僟儉俧,3,4,0,0,0,1000,1000
p6938,俠俼俥僞僀僈乕儅僗僋俀,3,6,0,0,0,1000,1000
p5183,俠俼僷僩儔僢僔儏俀俼俤俢,1,1,0,0,0,1000,1000
p9215,俹俙丂俧俬丂俢俼俤俙俵弜,1,1,0,0,0,1000,1000
p9176,俹侾侽僇僂儞僩僠儍乕僕愨楾,3,4,0,0,0,1000,
p9150,俹丂俧俬丂俢俼俤俙俵俼俷俙俢,3,6,0,0,0,1000,1000
p9124,俹徫揰,4,5,0,0,0,1000,1000
p9118,俹僑僢僪僀乕僞乕傾儅僨僕恄寕俋侽倁倕倰丏,3,5,0,0,0,1000,1000
p9117,俹僑僢僪僀乕僞乕恄寕俋侽倁倕倰丏,1,1,0,0,0,1000,
p9098,傾儅僨僕俹俙徫僁偣偉傞偡傑傫丂僪乕儞偲偄偒傑俽俫俷倂,3,4,0,0,0,1000,1000
p9050,俹夊楾僐儗僋僔儑儞,3,6,0,0,0,1000,1000
p9020,俹僕儏乕僔乕僴僯乕俀俼俤倄俀,4,10,0,0,0,1000,1000
p9009,俹嫄恖偺惎乣塰岝偺婳愓乣楢愴楢彑倴倕倰倱倝倧値,2,5,0,0,0,1000,
p8959,俹夊楾嶀搰峾夊倃倃,2,3,0,0,0,1000,1000
p8931,俹俙僉儍僾僥儞梼丂棆廱僶乕僕儑儞,3,4,0,0,0,1000,1000
p8884,俹丂俧俷俢丂俤俙俿俤俼乚僽儔僢僪偺妎惲乚俵俹,1,1,0,0,0,1000,1000
p8883,俹丂俧俷俢丂俤俙俿俤俼乚僽儔僢僪偺妎惲乚俵倁倄俀,3,7,0,0,0,1000,1000
p8872,俹俙愝掕晅夊楾俧俷俴俢俽俿俷俼俵隳俼俫,4,12,0,0,0,1000,1000
p8444,俠俼丂俙俶俷俿俫俤俼夊楾丂墛偺崗報丂俋俋僶乕僕儑儞丂俲乚俹俹,1,1,0,0,0,1000,1000
p8167,俠俼夊楾丂杺夲僲壴丂俛俤俙俽俿丂俷俥丂俧俷俴俢丂倴倕倰丏,3,6,0,0,0,1000,1000
p7904,俠俼俙夊楾嬥怓偵側傟丂僓儖僶偲偺宊栺,3,3,0,0,0,1000,1000
p7689,俠俼徴寕僑僂儔僀僈儞,1,1,0,0,0,1000,1000
p7672,俠俼愨楾,1,1,0,0,0,1000,1000
p7438,俠俼夊楾嬥怓偵側傟倃倃,3,4,0,0,0,1000,1000
p7050,俠俼夊楾俥俬俶俙俴乚倃倃,2,2,0,0,0,1000,1000
p6655,俠俼夊楾杺夲慚婻峾倃倃,2,5,0,0,0,1000,1000
p6277,俠俼俧嘥俢俼俤俙俵丏倅倃俀,1,1,0,0,0,1000,1000
p5780,俠俼徏曽峅庽偺柤曭峴嬥偝傫倃倃,1,1,0,0,0,1000,1000
p5364,俠俼夊楾倃倃,2,2,0,0,0,1000,1000
p9187,俹僗乕僷乕奀暔岅丂俬俶丂俰俙俹俙俶俀丂嬥晉巑丂侾俋俋僶乕僕儑儞,5,12,0,0,0,1000,1000
p9188,俹僗乕僷乕奀暔岅丂俬俶丂俰俙俹俙俶俀丂嬥晉巑丂俁侾俋僶乕僕儑儞,4,10,0,0,0,1000,1000
p9178,俹尦慶戝岺偺尮偝傫丂侾俋俋倴倕倰丏,2,4,0,0,0,1000,1000
p9168,俹戝岺偺尮偝傫丂挻梃懯揤,7,16,0,0,0,1000,1000
p9145,俹俙僗乕僷乕奀暔岅俬俶抧拞奀俽俛俙,7,14,0,0,0,1000,1000
p9080,俹偪傚偄僷僠奀暔岅俁俼俀,1,1,0,0,0,1000,1000
p9079,俹俙奀暔岅俁俼俀,7,11,0,0,0,1000,1000
p9059,俹俙嶇乚俽倎倠倝乚垻抦夑曇丂俋俋僶乕僕儑儞,3,3,0,0,0,1000,1000
p9060,俹俙尦慶戝岺偺尮偝傫,5,7,0,0,0,1000,1000
p9017,俹俙僗乕僷乕奀暔岅俬俶丂俰俙俹俙俶俀丂倵倝倲倛丂懢屰偺払恖,7,19,0,0,0,1000,1000
p9006,俹俙惞摤巑惎栴係丂俿倛倕丂俛倎倲倲倢倕丂倧倖丂乭尷奅撍攋乭,3,5,0,0,0,1000,1000
p8958,俹俙僗僩儔僀僋僂傿僢僠乕僘倃俛俢,3,5,0,0,0,1000,1000
p8852,俹嶇乚俽倎倠倝乚垻抦夑曇倕倫倝倱倧倓倕丂倧倖丂倱倝倓倕乚俙,2,2,0,0,0,1000,
p8762,P僗乕僷乕奀暔岅IN壂撽2 SAHS,3,4,0,0,0,1000,1000
p8682,俠俼惞摤巑惎栴係丂俿倛倕丂俛倎倲倲倢倕丂倧倖丂尷奅撍攋,1,1,0,0,0,1000,1000
p8661,俠俼戝奀暔岅係丂俛俴俙俠俲,2,2,0,0,0,1000,1000
p8390,俠俼僗乕僷乕奀暔岅俬俶壂撽係丂怴倣倎倶俁侾俋倴倕倰丏,1,4,0,0,0,1000,1000
p8332,俠俼俙僗乕僷乕奀暔岅俬俶壂撽係丂倂倝倲倛丂傾僀儅儕儞,2,2,0,0,0,1000,1000
p8246,俠俼僗乕僷乕奀暔岅丂俬俶丂俰俙俹俙俶丂嬥晉巑丂侾俋俋倴倕倰丏,1,1,0,0,0,1000,1000
p8245,俠俼僗乕僷乕奀暔岅丂俬俶丂俰俙俹俙俶丂嬥晉巑丂俁侾俋倴倕倰丏,1,1,0,0,0,1000,1000
p8158,俠俼僗乕僷乕奀暔岅俬俶壂撽係俵俿俠,1,1,0,0,0,1000,1000
p8054,俠俼俙僗乕僷乕奀暔岅丂俬俶丂俰俙俹俙俶丂倵倝倲倛丂搷懢榊揹揝,2,2,0,0,0,1000,1000
p7937,俠俼俙奀暔岅俁俼,1,1,0,0,0,1000,1000
p7666,俠俼俙戝奀暔岅俁倂倝倲倛傾僌僱僗丒儔儉俽俙俹,2,2,0,0,0,1000,1000
p7665,俠俼戝奀暔岅俁僗儁僔儍儖俵俿俤乚侾,1,1,0,0,0,1000,1000
p7383,俠俼俙奀暔岅傾僋傾倵倝倲倛媑栘傝偝,1,1,0,0,0,1000,1000
p7195,俠俼俙僗乕僷乕奀暔岅俬俶壂撽俁丂俙俽俛,1,1,0,0,0,1000,1000
p6965,俠俼俙僨儔僢僋僗奀暔岅俙俽俛乮倵倝倲倛俿乚俙俼俙乯,2,2,0,0,0,1000,1000
p6872,俠俼僨儔僢僋僗奀暔岅俵俵俠,2,8,0,0,0,1000,1000
p6775,俠俼俙戝奀暔岅俀倂倝倲倛傾僌僱僗丒儔儉俽俙俙,2,2,0,0,0,1000,1000
p6540,俠俼俙僾儗儈傾儉奀暔岅傏偺傏偺偑梀傃偵棃偨傛両,1,1,0,0,0,1000,1000
p6196,俠俼俙怴奀暔岅倂倝倲倛傾僌僱僗丒儔儉俽俙俧,3,3,0,0,0,1000,1000
p6137,俠俼怴奀暔岅倂倝倲倛傾僌僱僗丒儔儉俵俿俵,1,1,0,0,0,1000,1000
p5946,俠俼僶傽乕儞僟儅僔僀俽俽俛乮俽乯,1,1,0,0,0,1000,1000
p5851,俠俼揝対揱僞僼俵俽俙乮俽乯,2,3,0,0,0,1000,1000
p5632,俠俼俙僗乕僷乕奀暔岅俬俶抧拞奀俽俙俥,1,1,0,0,0,1000,1000
p5467,俠俼揤奜杺嫬櫬俵俙俼倀俵俿俫,1,1,0,0,0,1000,1000
p5338,俠俼俙戝奀暔岅僗儁僔儍儖倂倝倲倛傾僌僱僗丒儔儉俽俙俹,1,1,0,0,0,1000,1000
p5234,俠俼戝奀暔岅僗儁僔儍儖俵俿俤,1,1,0,0,0,1000,1000
p9199,俹傂偖傜偟偺側偔崰偵乣宔乣,3,4,0,0,0,1000,1000
p9165,俹傂偖傜偟偺側偔崰偵乣夢乣俀侾俋倴倕倰丏,2,2,0,0,0,1000,
p9146,俹揤徃両昉憡杘,2,4,0,0,0,1000,1000
p9087,俹傂偖傜偟偺側偔崰偵乣夢乣俁侾俋倴倕倰丏,3,17,0,0,0,1000,
p9051,俹擡幰僴僢僩儕偔傫乣寛愴両僒僀僶乕偐傜偔傝忛偺姫乣,1,1,0,0,0,1000,
p8951,俹悏惎偺僈儖僈儞僥傿傾俲俽,3,3,0,0,0,1000,
p8718,俠俼僨僢僪僆傾傾儔僀僽僄僋僗僩儕乕儉丂俀俆俋倴倕倰倱倝倧値,1,1,0,0,0,1000,1000
p7699,俠俼揘栫俀悵惞嵞椪俛倅,1,1,0,0,0,1000,1000
p7466,俠俼擡幰僴僢僩儕偔傫壢妛擡朄倁俽擡偺弍俛俷,1,1,0,0,0,1000,1000
p7041,俠俼僼傽僀儎乕僟僀僫儅僀僩僋僀乕儞,1,1,0,0,0,1000,1000
p7128,俠俼旈枾愴戉僑儗儞僕儍乕俴俀倃,1,2,0,0,0,1000,1000
p7103,俠俼暷暷俠俴倀俛戝廂妌嵳俲俽倃,1,1,0,0,0,1000,1000
p9223,俹僋僀乕儞僘僽儗僀僪俁丂僫僫僄儖倁倕倰丏,3,3,0,0,0,1000,1000
p9193,俹堦婻摉愮俽俽巃丂楥栔倁倕倰丏,4,4,0,0,0,1000,1000
p9070,俹堦婻摉愮俽俽巃丂懛嶔倁倕倰丏,5,6,0,0,0,1000,1000
p9027,俹僋僀乕儞僘僽儗僀僪俁丂儗僀僫倴倕倰丏,2,3,0,0,0,1000,1000
p8999,俹慘宍暯師俀,2,2,0,0,0,1000,1000
p8994,俹堦婻摉愮丂僒僶僀僶儖僜儖僕儍乕丂娒僨僕倁倕倰丏,6,8,0,0,0,1000,1000
p8949,俹敀杺彈妛墍僆儚儕僩僴僕儅儕乣愒偒婻巑抍倁倕倰丏乣,1,1,0,0,0,1000,
p8897,俹僋僀乕儞僘僽儗僀僪旤摤巑僇乕僯僶儖 僫僫僄儖倁倕倰丏,1,1,0,0,0,1000,
p8727,俹抏媴栙帵榐僇僀僕俫俬俧俫仌俴俷倂丂偞傢偭丒丒丒倁倕倰丏,1,1,0,0,0,1000,1000
p8728,俹妛墍栙帵榐僴僀僗僋乕儖丒僆僽丒僓丒僨僢僪丂撆搰倁倕倰丏,2,2,0,0,0,1000,1000
p8298,僷僠儞僐俠俼抏媴栙帵榐僇僀僕徖俁丂棙崻愳倁倕倰丏,1,1,0,0,0,1000,1000
p8250,傁偪傫偙俠俼慘宍暯師倵倝倲倛偱傫傁慻丏倝値們,1,1,0,0,0,1000,1000
p7855,俠俼掑巕俁俢丂倂俙俛,1,1,0,0,0,1000,1000
p7717,俠俼儚僔僘俛俙俙,1,1,0,0,0,1000,1000
p9196,俹儈僯儈僯儌儞僗僞乕係倎,12,19,0,0,0,1000,1000
p9265,俹俙儘乕僪僼傽儔僆乣恄偺堦寕乣楢寕倁倕倰丏,1,1,0,0,0,1000,
p9177,俹俙僐儅僐儅嬩妝晹仐僄僀僕僙儗僋僩倄俀俥,3,6,0,0,0,1000,1000
p9089,俹傎偺偐偲僋乕儖億僐偲丄偲偒偳偒晲摗宧巌倄俁俥,1,1,0,0,0,1000,
p9064,俹壺攙俼乣墡搉隳偑儘乕僘僥僀儖偵傗偭偰偒偨乣,4,4,0,0,0,1000,1000
p8972,俹偡偟偞傫傑偄嬌忋俆俈侽侽,6,6,0,0,0,1000,1000
p8927,俹俙彈巕僓僕儍僀傾儞僩倄俥,2,2,0,0,0,1000,
p8877,俹偪傚偄僷僠丂俽倀俹俤俼揹栶僫僫僔乕俢倃俬俬丂俧俁俋,1,1,0,0,0,1000,1000
p8876,俹丂俽倀俹俤俼揹栶僫僫僔乕俢倃俬俬丂侾俉俋俵,1,1,0,0,0,1000,1000
p8841,俹儘乕僪僼傽儔僆乣恄偺堦寕乣,2,2,0,0,0,1000,1000
p8205,俠俼長巕偺墹彨俁丂墹惙僾儔僗,2,3,0,0,0,1000,1000
p7707,俠俼掁傝僉僠嶰暯俋俋倁俵,1,1,0,0,0,1000,1000
p9213,俹偍偽偗傜傫偳夦丂娒僨僕,2,3,0,0,0,1000,1000
p9191,俹儌儌僉儏儞僜乕僪俵俠,5,7,0,0,0,1000,1000
p9171,俹侾俁擔偺嬥梛擔俧俴俙,1,1,0,0,0,1000,
p9100,俹弔壞廐搤俧俴俛,4,7,0,0,0,1000,1000
p9094,俹弔壞廐搤倅俛,2,2,0,0,0,1000,
p9043,俹僴僀僗僋乕儖俢亊俢丂俧俴俙,1,1,0,0,0,1000,
p9019,俹僣僀儞儖乕僾壴枮奐,3,5,0,0,0,1000,1000
p9005,俹丂俼倕倵倰倝倲倕丂俧俴俙,1,1,0,0,0,1000,
p8978,俹偍偽偗傜傫偳夦倃俙,2,2,0,0,0,1000,1000
p8976,俹偍偽偗傜傫偳夦倅俛俽,2,2,0,0,0,1000,1000
p8977,俹偍偽偗傜傫偳夦倅俙,1,1,0,0,0,1000,
p8973,俹弔堦斣乣壴嶥徃晳乣俧俴俛,3,3,0,0,0,1000,
p8950,俹丂倁墹丂俧俴俠,1,1,0,0,0,1000,1000
p8933,俹僴僀僗僋乕儖俢亊俢丂俵倃,1,1,0,0,0,1000,1000
p8934,俹僴僀僗僋乕儖俢亊俢丂俵俙,1,1,0,0,0,1000,
p8932,俹僴僀僗僋乕儖俢亊俢丂倅俢,3,5,0,0,0,1000,1000
p8866,俹丂俼倕倵倰倝倲倕丂俥俛,1,1,0,0,0,1000,
p8865,俹丂俼倕倵倰倝倲倕丂俥俙,1,2,0,0,0,1000,
p8732,俠俼丂俧俧俧俧丂俽俹,1,1,0,0,0,1000,1000
p8562,CR搷寱巃婼GL,1,1,0,0,0,1000,1000
p6588,俠俼岎嬁帊曆僄僂儗僇僙僽儞倱倫倕們俀丂倅俠,1,3,0,0,0,1000,1000
p6278,俠俼壴枮奐楉俥俙,1,1,0,0,0,1000,1000
p9249,俹傁偪傫偙丂忔暔柡丂倂俬俿俫丂俠倄俛俤俼俰俙俹俙俶乮俼乯俢俙俶俠俤俼俽丂俵乚俲侾,2,2,0,0,0,1000,1000
p9184,俹俙偆傞惎傗偮傜乣儔儉偺俴倧倴倕俽倧値倗乣,5,5,0,0,0,1000,1000
p9169,俹愴崙俛俙俽俙俼俙,3,3,0,0,0,1000,1000
p9133,俹俙丂俠倄俛俷俼俧侽侽俋丂俶乚倃侾,4,6,0,0,0,1000,1000
p9104,俹壴偺宑師乣楡,5,18,0,0,0,1000,1000
p9078,俹傁偪傫偙丂僈儔僗偺壖柺俵俴乚俲侾,3,3,0,0,0,1000,1000
p9077,俹傁偪傫偙丂僈儔僗偺壖柺俵乚俲侾,3,5,0,0,0,1000,1000
p9076,俹俙傇偄傇偄両僑僕儔丂俶係乚俲俇,2,2,0,0,0,1000,1000
p9075,俹俙傇偄傇偄両僑僕儔丂俶乚俲侾,1,1,0,0,0,1000,
p9030,俹媊晽摪乆両両乣寭懕偲宑師乣俀丂俵俇乚倃,2,3,0,0,0,1000,1000
p9004,俹傇偄傇偄両僑僕儔丂偐偄偠傘偆戝廤崌両両,3,4,0,0,0,1000,1000
p8961,俹丂俠倄俛俷俼俧侽侽俋丂俵俀乚倁,6,12,0,0,0,1000,1000
p8960,俹俙恀丒夦廱墹僑僕儔丂俶俀乚俲俇,5,6,0,0,0,1000,1000
p8938,俹偆傞惎傗偮傜乣儔儉偺俴倧倴倕俽倧値倗乣,3,8,0,0,0,1000,1000
p8911,俹僝儞價儕乕僶儃乕乣愨嫨乣俽俆乚俿侾,1,1,0,0,0,1000,
p8861,俹怣挿偺栰朷乚憂憿乚俶乚俲,2,2,0,0,0,1000,
p8854,俹旤壞旤壺僷儔僟僀僗,4,4,0,0,0,1000,1000
p8824,俹俙偝偔傜傕傕偙寑応僐僕僐僕俀丂俶俀乚俲,4,5,0,0,0,1000,1000
p8810,俹俙僔儏僞僀儞僘丒僎乕僩丂枹棃僈僕僃僢僩俋俋崋婡,2,4,0,0,0,1000,
p8771,CR恀丒夦廱墹僑僕儔 L乚KH,1,1,0,0,0,1000,1000
p8745,俠俼怣挿偺栰朷丂憂憿,1,1,0,0,0,1000,1000
p8746,P僒僀儃乕僌009vs僨價儖儅儞119Ver.,2,2,0,0,0,1000,
p8705,俹俙儈儖僉乕僶乕丂俶乕倂俇,3,3,0,0,0,1000,1000
p8706,俠俼恀丒壴偺宑師俀丂幗崟偺徴寕,2,2,0,0,0,1000,1000
p8523,俠俼壴偺宑師倃丂塤偺偐側偨偵丂俋俋倴倕倰丏,1,2,0,0,0,1000,1000
p7734,俠俼侽侽俋俼俤丗俠倄俛俷俼俧丂俶俼乚俲,1,1,0,0,0,1000,1000
p7581,俠俼恀壴偺宑師,2,2,0,0,0,1000,1000
p6895,俠俼壴偺宑師乣娍俴乚倁,2,7,0,0,0,1000,1000
p5846,俠俼壴偺宑師乣垽俫乚倁,2,4,0,0,0,1000,1000
p4789,俠俼壴偺宑師俽乚倁,1,1,0,0,0,1000,1000
p9167,怴悽婭僄償傽儞僎儕僆儞乣僔僩丄怴惗乣俹俼俤俵俬倀俵丂俵俷俢俤俴,3,4,0,0,0,1000,1000
p9122,俹俥傾僋僄儕僆儞俙俴俴丂俽俿俙俼俽,2,2,0,0,0,1000,1000
p9139,儜償傽儞僎儕儝儞侾俁丂僄僋僗僩儔儌僨儖,6,6,0,0,0,1000,1000
p9082,怴悽婭僄償傽儞僎儕僆儞乣僔僩丄怴惗乣,6,7,0,0,0,1000,1000
p9021,儜償傽儞僎儕儝儞侾俁丂僾儗儈傾儉儌僨儖,1,1,0,0,0,1000,1000
p8892,儌乕僪傁偪傫偙丂儜償傽儞僎儕儝儞乣挻妎惲乣,1,1,0,0,0,1000,
p8891,儜償傽儞僎儕儝儞乣挻朶憱乣,4,11,0,0,0,1000,1000
p8779,儌乕僪傁偪傫偙 僐乕僪僊傾僗 斀媡偺儖儖乕僔儏 偍婥妝僶乕僕儑儞,3,4,0,0,0,1000,1000
p8724,俠俼偳傜傓仚儜償傽儞僎儕儝儞俹俬俶俲,1,1,0,0,0,1000,1000
p8515,俠俼儜償傽儞僎儕儝儞丂俀侽侾俉擭儌僨儖,1,5,0,0,0,1000,1000
p7552,俠俼儜償傽儞僎儕儝儞俋丂倂,2,11,0,0,0,1000,1000
p7117,俠俼儜償傽儞僎儕儝儞俉丂俼,2,2,0,0,0,1000,1000
p6719,俠俼儜償傽儞僎儕儝儞俈丂倄俼倂,1,1,0,0,0,1000,1000
p6565,俠俼儜償傽儞僎儕僆儞俈,1,4,0,0,0,1000,1000
p9285,俹俙旉抏偺傾儕傾俬俬俬丂俥倂愝掕晅,2,2,0,0,0,1000,1000
p9069,俹掑巕倴倱壘灲巕丂捀忋寛愴,1,2,0,0,0,1000,1000
p9086,俹朶傟傫朧彨孯丂墛崠婼恄偺夦丂俥倂愝掕晅,5,9,0,0,0,1000,1000
p8983,俹儕儞僌丂僶乕僗僨僀丂庺偄偺巒傑傝愝掕晅,4,7,0,0,0,1000,
p8929,俹旉抏偺傾儕傾俬俬俬丂愝掕晅,5,8,0,0,0,1000,
p8860,俹儕儞僌丂庺敍俼倀俽俫丂俥俤倃愝掕晅,3,5,0,0,0,1000,1000
p8887,俹旉抏偺傾儕傾俙俙丂俥俤愝掕晅,3,3,0,0,0,1000,1000
p8802,俹俙抧崠彮彈丂彧壘丂偒偔傝偺抧崠嵳傝丂愝掕晅,6,8,0,0,0,1000,1000
p8752,PA FAIRY TAIL 愝掕晅,4,5,0,0,0,1000,
p8000,俠俼俙僿儖僾両両両楒偑媢妛墍偍偨偡偗晹,1,1,0,0,0,1000,1000
p7942,俠俼抧崠彮彈丂擉丂偒偔傝偺抧崠嵳傝,1,1,0,0,0,1000,1000
p6957,俠俼搷懢榊帢搟俥俹倂,1,1,0,0,0,1000,1000
p6665,俠俼僨價儖儅儞儗僨傿乕俥俹俴,1,1,0,0,0,1000,1000
p5681,俠俼憡愳幍悾乣帪嬻偺梼乣俥俹俫,1,1,0,0,0,1000,1000
p9127,俹恀丒墿栧偪傖傑,4,5,0,0,0,1000,1000
p9140,俹儖僷儞嶰悽乣恄乆傊偺梊崘忬乣娒僨僕,3,4,0,0,0,1000,1000
p9056,俹楏壩偺墛俁,3,3,0,0,0,1000,1000
p9034,俹垷恖乣徴寔偵旛偊傠両乣侾俋俋倴倕倰丏,1,1,0,0,0,1000,
p9033,俹垷恖乣徴寔偺慡撍僼儖僗儁僢僋両乣俁侾俋倴倕倰丏,4,5,0,0,0,1000,1000
p8997,俹儖僷儞嶰悽乣恄乆傊偺梊崘忬乣,5,10,0,0,0,1000,1000
p8974,俹僞乕儈僱乕僞乕俀乣楢寕俥倀俴俴丂俙倀俿俷丂倁俤俼丏乣,2,2,0,0,0,1000,1000
p8947,俹丂俰俙倂俽嵞椪乚俽俫俙俼俲丂俹俙俶俬俠丂俙俧俙俬俶乚侾乛侾侾俇乣侾乛俋俆倴倕倰丏,2,3,0,0,0,1000,1000
p8789,俠俼儖僷儞嶰悽丂俴俙俽俿丂俧俷俴俢,1,1,0,0,0,1000,1000
p8743,CR晄擇巕丂Lupin The End丂 99.9VER.,1,1,0,0,0,1000,1000
p8620,俠俼丂俰俙倂俽嵞椪丂俽俫俙俼俲丂俹俙俶俬俠丂俙俧俙俬俶,1,1,0,0,0,1000,1000
p8512,俠俼晄擇巕丂俴倳倫倝値丂俿倛倕丂俤値倓,1,1,0,0,0,1000,1000
p8449,俠俼岎徛恖丂恀壓惓媊,1,1,0,0,0,1000,1000
p8372,俠俼嬧壨揝摴俋俋俋,1,2,0,0,0,1000,1000
p8281,俠俼儖僷儞嶰悽乣俴倳倫倝値丂俿倛倕丂俤値倓乣俋俋倴倕倰丏,1,1,0,0,0,1000,1000
p8007,俠俼僈乕儖僘仌僷儞僣傽乕,3,3,0,0,0,1000,1000
p7820,俠俼俰俙倂俽乣倝倲乫倱丂倎丂俽俫俙俼俲丂俹俙俶俬俠乣,2,2,0,0,0,1000,1000
p7456,俠俼僗乕僷乕僗僩儕乕僩僼傽僀僞乕嘩俋俙倀,1,1,0,0,0,1000,1000
p7223,俠俼儖僷儞嶰悽俈丂俫俋俙倅侾,1,5,0,0,0,1000,1000
p7224,俠俼儖僷儞嶰悽俈丂俵俋俙倅,1,2,0,0,0,1000,1000
p7191,俠俼愴崙壋彈俁丂俋俙倂侾,1,1,0,0,0,1000,1000
p7171,俠俼昐壴銍棎僒儉儔僀僈乕儖僘俵俆俙倃,1,1,0,0,0,1000,1000
p9046,俹朠檧亣,2,3,0,0,0,1000,
p8979,俹壂俈俛俴俙俠俲,1,1,0,0,0,1000,
p8939,俹揤棿亣俀係侽侽,1,1,0,0,0,1000,
p8550,俠俼揤棿亣丂俈侽侽侽倁俽,2,2,0,0,0,1000,1000
p7357,俠俼挻僔儍僇俼倀俽俫丂俙侾,1,1,0,0,0,1000,1000
p6203,俠俼愴崙俲俬倅倀俶俙戞擇恮峠偺廋梾俵倃,1,1,0,0,0,1000,1000
p7964,俠俼揤尦撍攋僌儗儞儔僈儞丂俴俶俙,1,1,0,0,0,1000,1000
p9182,俹俙僈儞僗儕儞僈乕丂僗僩儔僩僗丂梀寕倴倕倰丏,5,6,0,0,0,1000,1000
p9002,俹僈儞僗儕儞僈乕丂僗僩儔僩僗,3,4,0,0,0,1000,1000
p8944,俹俙墴擡両斣挿俀,6,7,0,0,0,1000,1000
p8830,俹墴擡両斣挿俀,5,10,0,0,0,1000,1000
p7649,俠俼媑廆俛俁俴俷俀,1,1,0,0,0,1000,1000
p6741,俠俼媑廆俀,1,1,0,0,0,1000,1000
p9099,俹摤彨攅揱,2,3,0,0,0,1000,1000
p9028,塇崻儌僲丂僗僇僀儗乕僒乕,3,3,0,0,0,1000,1000
p8570,俠俼俥僷儚僼儖俀侽侾俉,1,1,0,0,0,1000,1000
p8400,俠俼僕僃僢僩傾儘乕俬俬崋兞,2,2,0,0,0,1000,1000
p9324,僉儏僀儞傁偪傫偙丂俹撿崙堢偪丂僨僇僷僩倴倕倰丏丂娒僨僕,2,3,0,0,0,1000,1000
p9272,俹怴擔杮僾儘儗僗儕儞僌,3,5,0,0,0,1000,1000
p9183,俹愴崙壋彈俇丂嬇偺娭儢尨,8,11,0,0,0,1000,1000
p9159,俹愴崙壋彈俆丂娒僨僕,6,8,0,0,0,1000,1000
p9162,俹儂乕儉儔儞僉儞僌,1,1,0,0,0,1000,1000
p9083,僉儏僀儞傁偪傫偙丂俹撿崙堢偪丂僨僇僷僩倴倕倰丏,3,3,0,0,0,1000,1000
p9024,俹僩僉僆僽儔僢僋係俆侽侽,3,3,0,0,0,1000,1000
p8971,俹愴崙壋彈俆丂侾乛俀侾俋乣侾乛侾俉係倴倕倰丏,4,4,0,0,0,1000,1000
p8690,俠俼愴崙壋彈俆丂侾侽倲倛丂俙値値倝倴倕倰倱倎倰倷,1,1,0,0,0,1000,1000
p8104,俠俼僪儔儉墿栧偪傖傑丂傑偨傑偨僑僠偱傗傫偡両,1,2,0,0,0,1000,1000
p9229,俹俙儎僢僞乕儅儞倁倁倁,3,3,0,0,0,1000,
p9119,俹儎僢僞乕儅儞倁倁倁,1,1,0,0,0,1000,
p8967,俹僪儔儉奀暔岅俬俶壂撽丂嶗俽俛俤,2,3,0,0,0,1000,1000
p8837,俹俙僪儔儉奀暔岅俬俶壂撽,4,6,0,0,0,1000,1000
p8791,俠俼僋僕儔僢僉乕丂倄俠俙,1,1,0,0,0,1000,1000
p8277,俠俼儎僢僞乕儅儞丂傢傟傜揤嵥僪儘儞儃乕,1,1,0,0,0,1000,1000
p9101,俹俙夦搻偍偦徏偝傫,1,1,0,0,0,1000,
p9015,挻宲懕僷僠儞僐丂倎倷倳倣倝丂倛倎倣倎倱倎倠倝乣俴俬倁俤丂倝値丂俠俙俽俬俶俷乣丂愝掕搵嵹倴倕倰丏,1,1,0,0,0,1000,1000
p9014,挻宲懕僷僠儞僐丂倎倷倳倣倝丂倛倎倣倎倱倎倠倝乣俴俬倁俤丂倝値丂俠俙俽俬俶俷乣,2,8,0,0,0,1000,
p8588,俠俼丂俥俙俬俼倄丂俿俙俬俴丂俥俹俵,1,1,0,0,0,1000,1000
p7874,俠俼僙儞僑僋,1,1,0,0,0,1000,1000
p7764,俠俼僨價儖儅儞妎惲俶乚倁俤侾,1,1,0,0,0,1000,1000
p7539,俠俼摿柦學挿扅栰恗俴乚俲俤,1,1,0,0,0,1000,1000
p9232,傁偪傫偙丂壖柺儔僀僟乕丂崒壒,5,15,0,0,0,1000,1000
p9090,傁偪傫偙丂俙俲俛係俉丂儚儞丒僣乕丒僗儕乕両両丂僼僃僗僥傿僶儖,3,5,0,0,0,1000,1000
p9071,傁偪傫偙丂俙俲俛係俉乚俁丂屩傝偺媢丂俴倝倗倛倲丂倁倕倰倱倝倧値,3,5,0,0,0,1000,1000
p9049,傁偪傫偙丂寑応斉丂杺朄彮彈傑偳偐仚儅僊僇,4,6,0,0,0,1000,1000
p8923,傁偪傫偙俧俙俶俿倅丗俀,4,5,0,0,0,1000,1000
p8850,傁偪傫偙丂寑応楈,3,4,0,0,0,1000,1000
p8329,俠俼俙傁偪傫偙僂儖僩儔僶僩儖楏揱丂愴偊僛儘両庒偒嵟嫮愴巑丂俴倝倗倛倲丂俤倓倝倲倝倧値,1,1,0,0,0,1000,1000
p7669,俠俼僂儖僩儔僶僩儖楏揱,1,2,0,0,0,1000,1000
p9195,俹傾僫僓乕僑僢僪僴乕僨僗丂僓丒儚乕儖僪,4,4,0,0,0,1000,1000
p9153,俹俙偱偐偪傝儔僢僔儏,3,3,0,0,0,1000,1000
p9074,俹僶僕儕僗僋乣峛夑擡朄挓乣俀,3,5,0,0,0,1000,1000
p9041,俹僨價儖儊僀僋儔僀係丂傾僂僩僆僽儕儈僢僩,4,4,0,0,0,1000,1000
p8980,俹僴僀僗僋乕儖丒僼儕乕僩,3,5,0,0,0,1000,1000
p8956,俹傾僫僓乕僑僢僪僴乕僨僗丂僕儍僢僕儊儞僩,1,3,0,0,0,1000,
p8899,俹僗僞乕僆乕僔儍儞係丂俽倂俤俤俿丂俹俼俤俵俬倀俵丂倴倕倰丏,4,4,0,0,0,1000,1000
p8805,俠俼僗僞乕僆乕僔儍儞係,1,3,0,0,0,1000,1000
p8581,俠俼僶僕儕僗僋丂峛夑擡朄挓丂尫擵夘偺復,1,2,0,0,0,1000,1000
p8143,俠俼偊偲偨傑,2,3,0,0,0,1000,1000
p8962,俹俙媶嬌恄敾丂俽倵倕倕倲丂俰倳倓倗倕倣倕値倲丂俋俋倴倕倰丏,2,2,0,0,0,1000,1000
p8761,CR媶嬌恄敾,1,1,0,0,0,1000,1000
p8343,俠俼俙僴僋僔儑儞戝杺墹丂弌傑偟偨傾僋價偪傖傫倁倕倰丏,1,1,0,0,0,1000,1000
p9112,傁偪傫偙俧俬桪弜嬩妝晹,1,1,0,0,0,1000,
p9194,俹儕儞僌丂庺偄偺俈擔娫俀,6,7,0,0,0,1000,1000
p10399,僗儅僗儘丂峛揝忛偺僇僶僱儕丂奀栧乮偆側偲乯寛愴,0,0,0,0,0,1849152,1838602
p10137,壂僪僉両僑乕僕儍僗丂俁侽兂,0,0,0,0,0,1181785,1213333
p10269,僱僆傾僀儉僕儍僌儔乕俤倃,0,0,0,0,0,1116071,1013928
p10145,僂儖僩儔儈儔僋儖僕儍僌儔乕,0,0,0,0,0,1020769,1042666
p10415,俴僷僠僗儘丂墛墛僲徚杊戉俀,0,0,0,0,0,912765,977894
p10207,俴丂搶嫗嬺庬,0,0,0,0,0,881956,905448
p10136,壂僪僉両僑乕僕儍僗丂俀俆兂,0,0,0,0,0,831833,642969
p10056,儈僗僞乕僕儍僌儔乕,0,0,0,0,0,816481,799107
p10009,僕儍僌儔乕僈乕儖僘俽俽,0,0,0,0,0,735483,698200
p10392,僗儅僗儘丂峌妅婡摦戉,0,0,0,0,0,728392,705405
p10370,僗儅僗儘丂杒搇偺対丂揮惗偺復俀,0,0,0,0,0,681509,601205
p10383,俴晄擇巕俛俿,0,0,0,0,0,543529,644117
p10051,壂僪僉両俛俴俙俠俲,0,0,0,0,0,514722,398300
p9980,僪儔僑儞僴僫僴僫乣慚岝乣,0,0,0,0,0,450000,350000
p10358,僗儅僗儘丂壔暔岅,0,0,0,0,0,447987,531037
p9923,僗儅僗儘儌儞僉乕僞乕儞倁,0,0,0,0,0,441358,474514
p10375,僯儏乕僉儞僌僴僫僴僫倁乚俁侽,0,0,0,0,0,438181,438000
p10391,僗儅僗儘丂僴僫價,0,0,0,0,0,383023,433450
p10312,俴丂傾僘乕儖儗乕儞丂俿俫俤丂俙俶俬俵俙俿俬俷俶,0,0,0,0,0,356693,389905
p10211,僗儅僗儘丂儅僊傾儗僐乕僪丂杺朄彮彈傑偳偐仚儅僊僇奜揱,0,0,0,0,0,355020,374383
p10372,僾儕僘儉僫僫,0,0,0,0,0,347407,401250
p10361,俽俫俙俲俤丂俛俷俶倀俽丂俿俼俬俧俧俤俼,0,0,0,0,0,344115,358966
p10405,僗儅僗儘丂僒儞僟乕倁,0,0,0,0,0,329890,366735
p10387,俴僷僠僗儘偆傒偹偙偺側偔崰偵俀,0,0,0,0,0,318714,339023
p9924,僪儔僑儞僴僫僴僫乣慚岝乣乚俁侽,0,0,0,0,0,294250,295312
p10266,傾儗僢僋僗丂僽儔僀僩,0,0,0,0,0,291411,275351
p10374,僗儅乕僩壂僗儘丂僯儏乕僉儞僌僴僫僴僫倁,0,0,0,0,0,258171,302090
p9998,僗儅乕僩壂僗儘丂僪儔僑儞僴僫僴僫乣慚岝乣,0,0,0,0,0,249583,263312
p10395,俴丂柍怑揮惗丂乣堎悽奅峴偭偨傜杮婥偩偡乣,0,0,0,0,0,222000,261219
p10379,僗儅僗儘揝対俇,0,0,0,0,0,184987,184218
p10325,僋儗傾偺旈曮揱丂乣偼偠傑傝偺斷偲懢梲偺愇乣丂儃乕僫僗僩儕僈乕倴倕倰丏,0,0,0,0,0,181603,209690
p10283,僷僠僗儘側傔擫乣塼徎側偄偗偳側傔傫偠傖偹偉乣,0,0,0,0,0,150000,150000
p10355,嬧壨塸梇揱愢丂俢倝倕丂俶倕倳倕丂俿倛倕倱倕,0,0,0,0,0,149343,230782
p10313,僗儅僗儘丂搶嫗儕儀儞僕儍乕僘,0,0,0,0,0,148000,137129
p10354,僗儅僗儘丂偲偁傞壢妛偺挻揹帴朇俀,0,0,0,0,0,147450,181742
p10164,俙乚俽俴俷俿亄丂僨傿僗僋傾僢僾丂倀俴俿俼俙俼俤俵俬倃,0,0,0,0,0,142000,145588
p10169,俴彮彈仚壧寑丂儗償儏乕僗僞傽儔僀僩丂乚俿倛倕丂俽俴俷俿乚,0,0,0,0,0,134234,138214
p9922,僷僠僗儘晲憰恄昉,0,0,0,0,0,126666,104666
p10401,俴斖攏恘夊,0,0,0,0,0,115378,242154
p10258,俴俛僕儍僢僋億僢僩,0,0,0,0,0,114000,65000
p10177,幍偮偺杺寱偑巟攝偡傞,0,0,0,0,0,108906,88586
p10352,俴僷僠僗儘丂妚柦婡償傽儖償儗僀償俀,0,0,0,0,0,106758,136747
p10259,俴丂俿倧俴俷倁俤傞僟乕僋僱僗丂俿俼俙俶俠俤丂倴倕倰丏俉丏俈,0,0,0,0,0,106279,131965
p10306,俽俴俷俿僪儖傾乕僈偺搩,0,0,0,0,0,103000,91363
p10275,偄偞両斣挿,0,0,0,0,0,94411,101769
p10250,隳傋両僴乕儗儉僄乕僗,0,0,0,0,0,75615,77925
p10267,壴妢,0,0,0,0,0,70000,68000
p10004,僷僠僗儘嬥偺偐傏偪傖,0,0,0,0,0,70000,70000
p10086,僗儅僗儘丂僑僢僪僀乕僞乕丂儕僓儗僋僔儑儞,0,0,0,0,0,68549,73196
p10390,僗儅僗儘丂旈曮揱,0,0,0,0,0,66145,62676
p9963,俽倠倷丂俴倧倴倕,0,0,0,0,0,58107,60250
p10143,僗僞乕僴僫僴僫乚俁侽,0,0,0,0,0,55909,62944
p9897,僷僠僗儘岎嬁帊曆僄僂儗僇僙僽儞俫俬乚俤倁俷俴倀俿俬俷俶丂倅俤俼俷丂俿倄俹俤乚俙俼俿,0,0,0,0,0,55727,57948
p9854,僷僠僗儘丂愴崙侕楒昉,0,0,0,0,0,54000,55000
p10142,俴僗乕僷乕價儞僑僱僆,0,0,0,0,0,53333,50000
p10162,僗儅乕僩壂僗儘丂僗僞乕僴僫僴僫,0,0,0,0,0,51789,34509
p10360,俴丂峳栰偺僐僩僽僉旘峴戉,0,0,0,0,0,51000,46875
p9848,僑乕僑乕僕儍僌儔乕俁,0,0,0,0,0,50000,50000
p10265,僴僀價儕僞乕儞乚俁侽,0,0,0,0,0,47823,42160
p10414,僗儅僗儘丂僑僽儕儞僗儗僀儎乕俬俬,0,0,0,0,0,47697,71491
p10349,僗儅僗儘丂怴婼晲幰俁,0,0,0,0,0,45015,57368
p10209,俽倝倱倲倕倰丂俻倳倕倱倲,0,0,0,0,0,41166,25000
p9818,僂儖僩儔偪傖傇戜曉偟,0,0,0,0,0,40000,40000
p10043,徿嬥庱俙値倗倕倢,0,0,0,0,0,35000,39500
p9873,僷僠僗儘僫僀僣,0,0,0,0,0,34666,37125
p9707,僷僠僗儘丂杺朄彮彈堢惉寁夋,0,0,0,0,0,32500,30000
p9720,俴僶僉丂嫮偔側傝偨偔偽嬺傜偊両両両,0,0,0,0,0,30833,31750
p9783,僉儞僌僴僫僴僫乚俁侽,5,12,0,0,0,28750,38500
p10368,僗儅僗儘丂壂僪僉両俢倀俷丂傾儞僐乕儖,0,0,0,0,0,28655,29528
p10339,俴庡栶偼慘宍俆,0,0,0,0,0,28377,41444
p9844,僷僠僗儘丂幹嬺柌巕偲偄偆彈,0,0,0,0,0,28211,29062
p10299,俴俛僩儕僾儖僋儔僂儞,0,0,0,0,0,27333,29250
p9991,俽俴俷俿擡幰偠傖偠傖娵偔傫,0,0,0,0,0,25666,25400
p9987,僗儅僗儘丂僑乕儖僨儞僇儉僀,0,0,0,0,0,25222,24000
p9919,僷僠僗儘丂僼傽僀儎乕僪儕僼僩,0,0,0,0,0,25181,27222
p9908,僷僠僗儘丂働儞僈儞傾僔儏儔,0,0,0,0,0,25000,25428
p9805,壽挿丂孎揷岺嶌,0,0,0,0,0,25000,25000
p10174,僗儅僗儘僗乕僷乕僽儔僢僋僕儍僢僋,0,0,0,0,0,24385,25779
p10351,僶乕僯儞僌僄僋僗僾儗僗,0,0,0,0,0,24369,22428
p10188,僗儅僗儘丂僔儍乕儅儞僉儞僌,0,0,0,0,0,24238,14062
p10190,俴搰柡,0,0,0,0,0,22700,22333
p9868,俴愴崙壋彈係丂愴棎偵慚偔鄓娽偺孯巘,0,0,0,0,0,22551,22323
p10261,俴俛僾儗儈傾儉偆傑偄朹,0,0,0,0,0,21333,22187
p10008,擡嵃嶲丂乣墱媊奆揱僲復乣,0,0,0,0,0,21133,18153
p10147,僗儅僗儘丂堦曽捠峴丂偲偁傞杺弍偺嬛彂栚榐,0,0,0,0,0,20031,22718
p9705,僴僢僺乕僕儍僌儔乕倁俬俬俬,0,0,0,0,0,19857,19250
p9952,僗儅僗儘丂僐乕僪僊傾僗丂斀媡偺儖儖乕僔儏乛暅妶偺儖儖乕僔儏,0,0,0,0,0,19200,18320
p9928,俴儔僽忟俁乣倂偛巜柤偼偄偐偑偱偡偐丠乣,0,0,0,0,0,19033,11363
p9803,恀揤壓晍晲,0,0,0,0,0,19000,11200
p9778,僷僠僗儘丂扵掋僆儁儔丂儈儖僉傿儂乕儉僘俼丂戝廂妌嵳両両両両,0,0,0,0,0,19000,26666
p9882,僗乕僴僫儔僀僕儞僌乚俁侽,0,0,0,0,0,18857,18428
p10014,僠僶儕儓俀,0,0,0,0,0,18838,24080
p10091,僷僠僗儘丂偐偖傗條偼崘傜偣偨偄,0,0,0,0,0,18377,18320
p10053,俽僶僴儅俁侽,0,0,0,0,0,18250,18250
p9738,壂僪僉両俧俷俴俢,0,0,0,0,0,18200,18200
p9896,僗儅僗儘寑応斉丂杺朄彮彈傑偳偐仚儅僊僇乵慜曇乶巒傑傝偺暔岅乛乵屻曇乶塱墦偺暔岅倖乚僼僅儖僥乚,0,0,0,0,0,18000,14000
p9935,俴僷僠僗儘丂儅僋儘僗僼儘儞僥傿傾係,0,0,0,0,0,16857,16571
p9983,俴撿崙堢偪,0,0,0,0,0,16692,14653
p9831,僗儘僢僩丂僜乕僪傾乕僩丒僆儞儔僀儞,0,0,0,0,0,16685,19500
p10077,俽丂偛乣傗偪傖傫傉傞乣丂俀俆冇,0,0,0,0,0,16666,10000
p9876,杻悵奿摤嬩妝晹丂妎惲,0,0,0,0,0,16666,17900
p9967,儚乕僪僆僽儔僀僣俬俬,0,0,0,0,0,16500,18090
p10215,僗儅乕僩壂僗儘丂傾儊僀僕儞僌儔僀僽,0,0,0,0,0,16250,18600
p9837,俴儀儖僙儖僋柍憃,0,0,0,0,0,15928,15600
p9929,僷僠僗儘壴偺宑師乣嵅搉峌傔偺復乣,0,0,0,0,0,15888,15100
p9786,僗儅僗儘杒搇偺対,0,0,0,0,0,15611,15840
p10157,俴儖僷儞嶰悽丂戝峲奀幰偺旈曮,0,0,0,0,0,15402,15361
p9913,僗儅僗儘丂偲偁傞杺弍偺嬛彂栚榐,0,0,0,0,0,15176,14294
p10180,僠僶儕儓俀僾儔僗,0,0,0,0,0,15157,13529
p9829,俽俴俷俿儊僀僪僀儞傾價僗,0,0,0,0,0,15000,15000
p9759,傕偭偲両僠僶儕儓乚俀俆,0,0,0,0,0,15000,12500
p9749,僷僠僗儘丂恀壌偺嬻,0,0,0,0,0,15000,11000
p9845,傁偪僗儘丂偵傖傫偙戝愴憟丂俛俬俧俛俙俶俧,0,0,0,0,0,14875,15857
p9725,僷僠僗儘丂妚柦婡償傽儖償儗僀償,0,0,0,0,0,14692,14210
p10019,僯儏乕僷儖僒乕俽俹係丂倵倝倲倛丂懢屰偺払恖,0,0,0,0,0,14238,13480
p10242,媑廆,0,0,0,0,0,14188,15660
p9843,僷僠僗儘丂偐傜偔傝僒乕僇僗,0,0,0,0,0,13764,12941
p10107,僷僠僗儘僴僀僷乕儔僢僔儏,0,0,0,0,0,13760,14440
p9860,僗乕僷乕價儞僑僱僆僋儔僔僢僋,0,0,0,0,0,13571,17600
p9755,俽儌儌僉儏儞僜乕僪俢倃,0,0,0,0,0,13500,15166
p9879,僗儅僗儘揮惗偟偨傜僗儔僀儉偩偭偨審,0,0,0,0,0,13500,13500
p9920,僋儔儞僉乕僋儗僗僩,0,0,0,0,0,13483,13727
p10070,俴丂俢係俢俰丂俹倎們倛倝乚俽倢倧倲丂俵倝倶,0,0,0,0,0,13461,14142
p10038,俴丂俿倧俴俷倁俤傞僟乕僋僱僗,0,0,0,0,0,13347,13757
p9841,僗儅僗儘丂僶僀僆僴僓乕僪丗償僃儞僨僢僞,0,0,0,0,0,13266,13642
p9959,俴僷僠僗儘僈乕儖僘仌僷儞僣傽乕丂嵟廔復,0,0,0,0,0,13133,13682
p10160,俴丂將栭嵆俀,0,0,0,0,0,13083,11071
p10097,僗儅僗儘摢暥帤俢丂俀値倓,0,0,0,0,0,12525,13625
p9750,壂僪僉両俧俷俴俢乚俁侽,0,0,0,0,0,12500,13000
p9771,僷僠僗儘弬偺桬幰偺惉傝忋偑傝,0,0,0,0,0,12500,13333
p9785,僗儘僪儖,0,0,0,0,0,12444,12750
p10072,僗儘僢僩丂僝儞價儔儞僪僒僈,0,0,0,0,0,12421,11233
p10301,俴俛僷僠僗儘丂儜償傽儞僎儕儝儞丂乣栺懇偺斷乣,0,0,0,0,0,12026,12333
p9995,僉儞僌僋儕僄乕僞乕俁侽,0,0,0,0,0,12000,12000
p10318,儅僕僇儖僴儘僂傿儞丂儃乕僫僗僩儕僈乕,0,0,0,0,0,11857,13800
p9961,俴僗僩儔僀僋僂傿僢僠乕僘俀,0,0,0,0,0,11833,12142
p10071,僗儅僗儘丂僎僎僎偺婼懢榊丂妎惲,0,0,0,0,0,11818,11478
p9775,僷僠僗儘丂旉抏偺傾儕傾俬俬,0,0,0,0,0,11750,11000
p10042,俴僷僠僗儘丂墛墛僲徚杊戉,0,0,0,0,0,11738,11477
p10049,傾僆僴儖侓憖丂俙乚俴俬倁俤,0,0,0,0,0,11695,11469
p9722,俽俴俷俿丂偲偁傞壢妛偺挻揹帴朇,0,0,0,0,0,11666,11666
p9927,俴丂傂偖傜偟偺側偔崰偵丂嬈,0,0,0,0,0,11615,13875
p10076,僷僠僗儘俴墿栧偪傖傑揤,0,0,0,0,0,11500,11833
p9958,媑廆俼俬俽俬俶俧,0,0,0,0,0,11500,12750
p9972,僷僠僗儘丂僈儊儔俀,0,0,0,0,0,11450,11181
p9812,俴僑僽儕儞僗儗僀儎乕,0,0,0,0,0,11250,11285
p10102,僗儅乕僩壂僗儘丂挻壺嵳,0,0,0,0,0,11142,10428
p10239,俴僑僕儔,0,0,0,0,0,11015,11516
p9910,俴丂僄償傽儞僎儕僆儞丂乣枹棃傊偺憂憿乣,0,0,0,0,0,11000,13333
p9978,僗儘僢僩丂嶀偊側偄斵彈偺堢偰偐偨,0,0,0,0,0,10800,11000
p9799,僷僠僗儘婡摦愴巑僈儞僟儉儐僯僐乕儞,0,0,0,0,0,10666,11750
p10138,僗儅僗儘丂儌儞僗僞乕僴儞僞乕儔僀僘,0,0,0,0,0,10641,10348
p9871,俽丂怐揷怣撧偺栰朷丂慡崙斉,0,0,0,0,0,10600,13900
p10104,僗儅僗儘丂婼晲幰俁,0,0,0,0,0,10498,11247
p9990,俴丂僑僕儔懳僄償傽儞僎儕僆儞,0,0,0,0,0,10421,10068
p9712,儔僗僩儐乕僩僺傾,0,0,0,0,0,10250,11000
p10113,俴丂怴丒昁嶦巇抲恖丂夞摲丂俠俼俙俽俫丂俽俹俤俠,0,0,0,0,0,10222,10500
p10217,僗儅僗儘丂僶僀僆僴僓乕僪俆,0,0,0,0,0,10216,11103
p9856,杊嬻彮彈儔僽僉儏乕儗俀乣嬌尷偺嫟柭乣,0,0,0,0,0,10142,11400
p9728,傕偭偲両僠僶儕儓乚俁侽,0,0,0,0,0,10000,10000
p9878,傁偪僗儘丂擳栘嶁係俇,0,0,0,0,0,10000,9950
p10007,俴僷僠僗儘偆傞惎傗偮傜,0,0,0,0,0,10000,10437
p10340,僗儅僗儘僱僆僾儔僱僢僩,0,0,0,0,0,10000,13485
p10187,俴丂僒儔儕乕儅儞嬥懢榊,0,0,0,0,0,9891,9369
p10247,俴俛僷僠僗儘侾侽侽侽偪傖傫俙,0,0,0,0,0,9866,9166
p9839,僗儅僗儘丂愴崙俛俙俽俙俼俙丂俧俬俧俙,0,0,0,0,0,9833,9833
p9849,僗儅僗儘僉儞擏儅儞乣俈恖偺埆杺挻恖曇乣,0,0,0,0,0,9777,9000
p10121,僗儘僢僩丂俼倕丗僛儘偐傜巒傔傞堎悽奅惗妶丂倱倕倎倱倧値俀,0,0,0,0,0,9600,10230
p10106,俴僶儞僪儕両,0,0,0,0,0,9571,11500
p10050,俴僷僠僗儘愴昉愨彞僔儞僼僅僊傾丂惓媊偺壧,0,0,0,0,0,9541,10190
p9900,俴戝岺偺尮偝傫丂挻柌尮,0,0,0,0,0,9500,9400
p10196,俴僷僠僗儘丂僔儞丒僄償傽儞僎儕僆儞,0,0,0,0,0,9400,9954
p9809,俴庡栶偼慘宍係,0,0,0,0,0,9347,10083
p9719,僷僠僗儘梒彈愴婰,0,0,0,0,0,9333,9333
p9861,僗乕僷乕價儞僑僱僆僋儔僔僢僋乚俁侽,0,0,0,0,0,9333,9333
p10044,僗儅僗儘恀丒杒搇柍憃,0,0,0,0,0,9047,9600
p9736,僷僠僗儘丂攪偄傛傟両僯儍儖巕偝傫,0,0,0,0,0,9000,8750
p10036,僗儅僗儘捝偄偺偼寵側偺偱杊屼椡偵嬌怳傝偟偨偄偲巚偄傑偡丅,0,0,0,0,0,8862,8466
p9885,愴崙僐儗僋僔儑儞俆挻嬌妝俴俷俷俹,0,0,0,0,0,8727,9428
p10116,俴丂恀丒堦婻摉愮,0,0,0,0,0,8554,8781
p9777,戝壴枮,0,0,0,0,0,8000,8000
p10067,俴丂傾僇儊偑巃傞両丂俀,0,0,0,0,0,8000,7000
p10277,僗儅僗儘丂僨價儖丂儊僀丂僋儔僀俆丂僗僞僀儕僢僔儏僩儔僀僽,0,0,0,0,0,7964,7875
p10176,俴僷僠僗儘丂偁傝傆傟偨怑嬈偱悽奅嵟嫮,0,0,0,0,0,7791,7772
p10146,僗儅僗儘丂惞愴巑僟儞僶僀儞,0,0,0,0,0,7769,7700
p10216,僗儅僗儘丂傾僀僪儖儅僗僞乕丂儈儕僆儞儔僀僽両丂僱僋僗僩僾儘儘乕僌,0,0,0,0,0,7760,7187
p10308,僷僠僗儘丂揮惗偟偨傜寱偱偟偨,0,0,0,0,0,7727,7941
p10079,俴僷僠僗儘慚棎僇僌儔俀丂俽俫俬俶俷倁俬丂俵俙俽俿俤俼,0,0,0,0,0,7714,7714
p9932,僗儅僗儘丂僶僀僆僴僓乕僪丂償傿儗僢僕,0,0,0,0,0,7700,7833
p10081,俙乚俽俴俷俿亄丂偙偺慺惏傜偟偄悽奅偵廽暉傪両,0,0,0,0,0,7692,7583
p9769,愴崙僐儗僋僔儑儞俆,0,0,0,0,0,7666,9500
p9816,僷僠僗儘丂僐乕僪僊傾僗丂斀媡偺儖儖乕僔儏俁丂俠丏俠丏仌俲倎倢倢倕値丂倴倕倰丏,0,0,0,0,0,7655,7690
p10255,俴僷僠僗儘丂婡摦愴巑僈儞僟儉俽俤俤俢,0,0,0,0,0,7605,6880
p10052,僗儅僗儘丂僗僩儕乕僩僼傽僀僞乕倁丂挧愴幰偺摴,0,0,0,0,0,7600,7666
p10023,墴擡両斣挿係,0,0,0,0,0,7592,7384
p10319,俴丂僟乕儕儞丒僀儞丒僓丒僼儔儞僉僗,0,0,0,0,0,7514,7200
p9881,夞摲幃梀媄婡丂僌儔儞儀儖儉,0,0,0,0,0,7500,8119
p10226,偰偂偩偳傫偳傫,0,0,0,0,0,7500,8500
p9866,僼傽儈僗僞夞摲斉両両,0,0,0,0,0,7307,7384
p9964,俧俬桪弜嬩妝晹墿嬥,0,0,0,0,0,7277,7000
p10234,俴杻悵暔岅,0,0,0,0,0,7240,7888
p10033,僷僠僗儘丂僟儞僕儑儞偵弌夛偄傪媮傔傞偺偼娫堘偭偰偄傞偩傠偆偐俀,0,0,0,0,0,7125,6571
p9880,俹俙俠俫俬俽俴俷俿丂侽侽俋丂俼俤丗俠倄俛俷俼俧,0,0,0,0,0,7115,6961
p9985,僗儅僗儘僉儞僌僷儖僒乕,0,0,0,0,0,7000,7000
p10270,傢偨偟偺岾偣側寢崶,0,0,0,0,0,6714,6441
p9724,僷僠僗儘揝対係傾儖僥傿儊僢僩僨價儖倁倕倰丏,0,0,0,0,0,6666,6500
p10090,僗儅僗儘儚儞僷儞儅儞,0,0,0,0,0,6650,6631
p9921,儅僕僇儖僴儘僂傿儞俉,0,0,0,0,0,6250,5472
p9798,僷僠僗儘丂墛墛僲徚杊戉,0,0,0,0,0,6222,6000
p10017,僗儅僗儘丂僗僩儔僀僋丒僓丒僽儔僢僪,0,0,0,0,0,6200,5777
p9864,僷僠僗儘彎暔岅丂乚巒儅儕僲崗乚,0,0,0,0,0,6187,6388
p10039,俴惞摤巑惎栴丂奀峜妎惲丂俠倀俽俿俷俵丂俤俢俬俿俬俷俶,0,0,0,0,0,6166,6000
p10198,夞摲栙帵榐僇僀僕丂嫸墐,0,0,0,0,0,6115,5923
p10094,崱擔偐傜壌偼両両丂僷僠僗儘曇,0,0,0,0,0,6000,6000
p9721,僗儅僗儘儕僲僿僽儞,0,0,0,0,0,6000,5750
p9792,僷僠僗儘俷倁俤俼俴俷俼俢愨懳巟攝幰岝椪俬俬,0,0,0,0,0,5962,5957
p10315,僗儅僗儘丂僶儀儖,0,0,0,0,0,5952,6150
p10236,俴偆偟偍偲偲傜敀柺寛愴倁俫,0,0,0,0,0,5944,6736
p10271,俴丂倀俴俿俼俙俵俙俶,0,0,0,0,0,5941,6125
p10307,僗儅僗儘丂僪儖傾乕僈偺搩,0,0,0,0,0,5690,6333
p10141,俴僷僠僗儘丂僟儞儀儖壗僉儘帩偰傞丠,0,0,0,0,0,5605,5200
p10290,俴丂愨懳徴寖乣俹俴俙俿俷俶俬俠丂俫俤俙俼俿乣,0,0,0,0,0,5586,5741
p9944,僗儅僗儘僶僕儕僗僋乣峛夑擡朄挓乣鉐俀丂揤慥丂俛俴俙俠俲丂俤俢俬俿俬俷俶,0,0,0,0,0,5578,5681
p10186,俴丂偵傖傫偙戝愴憟丂挻恄懍,0,0,0,0,0,5500,5500
p9733,俫俤倄両僄儕乕僩僒儔儕乕儅儞嬀,0,0,0,0,0,5500,4500
p10297,俴嶇乚俽倎倠倝乚丂捀忋寛愴,0,0,0,0,0,5434,5333
p9800,傾僫僓乕僑僢僪僴乕僨僗乚夝偒曻偨傟偟憚寕倴倕倰丏乚,0,0,0,0,0,5333,5125
p10251,僗儅僗儘丂僊儖僥傿僋儔僂儞俀,0,0,0,0,0,5261,4365
p10128,搷懢榊揹揝丂乣僷僠僗儘傕掕斣両乣,0,0,0,0,0,5131,5361
p10064,僗儅僗儘丂僩儘僺僇乕僫,0,0,0,0,0,5000,5000
p10109,俴僟僽儖傾僞僢僋俀丂倵倝倲倛丂俷倅俽乚侾侽侽侽仌俼俙俹俫俙俤俴,0,0,0,0,0,5000,5400
p9804,儅僀僼儔儚乕俀乚俁侽,0,0,0,0,0,5000,5000
p10220,俴丂壖柺儔僀僟乕揹墹,0,0,0,0,0,5000,3818
p9934,俴丂儕儞僌偵偐偗傠侾丂倁,0,0,0,0,0,5000,5000
p10041,俴丂僂儖僩儔儅儞僥傿僈,0,0,0,0,0,4833,4833
p9962,俴丂壖柺儔僀僟乕丂俈俼俬俢俤俼俽,0,0,0,0,0,4750,5636
p9877,擱偊僠僶乚俁侽,0,0,0,0,0,4727,4727
p9732,僷僠僗儘丂儌儞僗僞乕僴儞僞乕儚乕儖僪丗傾僀僗儃乕儞俿俵,0,0,0,0,0,4722,4650
p10232,僗儅僗儘丂傛偆偙偦幚椡帄忋庡媊偺嫵幒傊,0,0,0,0,0,4682,4333
p10011,僗儅僗儘岎嬁帊曆僄僂儗僇僙僽儞係丂俫俬乚俤倁俷俴倀俿俬俷俶,0,0,0,0,0,4555,5000
p10254,僗儅僗儘僯儏乕僷儖僒乕俛俿,0,0,0,0,0,4484,4303
p9710,壴壩愨宨,0,0,0,0,0,4400,4400
p10287,儅僞僪乕儖俬俬俬,0,0,0,0,0,4312,4285
p10376,俴丂愨懳徴寖俬倁,0,0,0,0,0,4303,3866
p10224,僗儅僗儘丂椢僪儞丂倁俬倁俙両忣擬撿暷曇丂俼俤倁俬倁俙俴,0,0,0,0,0,4125,3888
p9704,僷僠僗儘丂僟儞傑偪奜揱丂僜乕僪丒僆儔僩儕傾,0,0,0,0,0,3662,3900
p10078,俽丂偛乣傗偪傖傫傉傞乣丂俁侽冇,0,0,0,0,0,3000,
p9636,僯儏乕僎僢僞乕儅僂僗,0,0,0,0,0,1000,1000
p9604,俽俴俷俿丂俽俿俤俬俶俽丟俧俙俿俤,0,0,0,0,0,1000,1000
p9545,俽俴俷俿儅僢僺乕,0,0,0,0,0,1000,1000
p9519,僶乕僒僗儕償傽僀僘,0,0,0,0,0,1000,1000
p9518,壂僪僉両俢倀俷乚俁侽,0,0,0,0,0,1000,1000
p9517,壂僪僉両俢倀俷,0,0,0,0,0,1000,1000
p9484,俠俠僄儞僕僃儖,0,0,0,0,0,1000,1000
p9462,俽俴俷俿僞僽乕丒僞僩僁乕,0,0,0,0,0,1000,1000
p9413,俽俴俷俿寑応斉丂杺朄彮彈傑偳偐仚儅僊僇乵慜曇乶巒傑傝偺暔岅乛乵屻曇乶塱墦偺暔岅,0,0,0,0,0,1000,1000
p9401,怴僴僫價,0,0,0,0,0,1000,1000
p9362,俽俴俷俿傾儖僪僲傾丒僛儘,0,0,0,0,0,1000,1000
p9681,僷僠僗儘慚棎僇僌儔丂俛倀俼俽俿丂倀俹,0,0,0,0,0,1000,1000
p9605,僷僠僗儘傂偖傜偟偺側偔崰偵嵳俀丂僇働儔梀傃曇,0,0,0,0,0,1000,1000
p9524,棃棆僄僀僒乕俤倃乚俁侽,0,0,0,0,0,1000,
p9458,僷僠僗儘偐傑偄偨偪偺栭,0,0,0,0,0,1000,1000
p9414,僷僠僗儘搶嫗儗僀償儞僘,0,0,0,0,0,1000,1000
p9266,僷僠僗儘傂偖傜偟偺側偔崰偵嵳俀,0,0,0,0,0,1000,1000
p9660,俽墿栧偪傖傑妳俀,0,0,0,0,0,1000,1000
p9557,俽儖僷儞嶰悽,0,0,0,0,0,1000,1000
p9479,僷僠僗儘愴崙壋彈丂嬇偺娭儢尨乚俢俙俼俲俶俤俽俽乚,0,0,0,0,0,1000,1000
p9428,僷僠僗儘杻悵暔岅係,0,0,0,0,0,1000,1000
p9319,僷僠僗儘儔僽忟俀僾儔僗,0,0,0,0,0,1000,1000
p9318,僷僠僗儘惵偺釶杺巘,0,0,0,0,0,1000,1000
p9446,僼傽儞僉乕僕儍僌儔乕俀,0,0,0,0,0,1000,1000
p9381,僲乕僎乕儉丒僲乕儔僀僼丂俿俫俤丂俽俴俷俿,0,0,0,0,0,1000,1000
p9693,僷僠僗儘僴乕僪儃僀儖僪,0,0,0,0,0,1000,11380
p9670,僷僠僗儘儁儖僜僫俆,0,0,0,0,0,1000,1000
p9640,僷僠僗儘峛揝忛偺僇僶僱儕,0,0,0,0,0,1000,1000
p9615,傁偪偡傠丂偗傕偺僼儗儞僘,0,0,0,0,0,1000,1000
p9594,僷僠僗儘偙偺慺惏傜偟偄悽奅偵廽暉傪両,0,0,0,0,0,1000,1000
p9571,僷僠僗儘憮揤偺対係,0,0,0,0,0,1000,1000
p9555,僷僠僗儘僪儕僼僞乕僘,0,0,0,0,0,1000,1000
p9528,僷僠僗儘傾儔僕儞俙僋儔僔僢僋,0,0,0,0,0,1000,1000
p9529,僷僠僗儘僨傿僗僋傾僢僾俀,0,0,0,0,0,1000,1000
p9476,僷僠僗儘俙俶俤俵俷俶俤丂岎嬁帊曆僄僂儗僇僙僽儞丂俫俬乚俤倁俷俴倀俿俬俷俶,0,0,0,0,0,1000,1000
p9443,僷僠僗儘僣僀儞僄儞僕僃儖丂俹俙俼俿倄,0,0,0,0,0,1000,1000
p9433,僷僠僗儘妝墍捛曻,0,0,0,0,0,1000,1000
p9409,僷僠僗儘僐乕僪僊傾僗丂斀媡偺儖儖乕僔儏俁,0,0,0,0,0,1000,1000
p9372,僷僠僗儘僈儊儔,0,0,0,0,0,1000,1000
p9300,僷僠僗儘杒搇偺対丂廻柦,0,0,0,0,0,1000,1000
p9271,僷僠僗儘摢暥帤俢,0,0,0,0,0,1000,1000
p9643,僷僠僗儘丂傾僋僄儕僆儞丂俙俴俴丂俽俿俙俼俽,0,0,0,0,0,1000,1000
p9520,僷僠僗儘愴昉愨彞僔儞僼僅僊傾丂桬婥偺壧,0,0,0,0,0,1000,1000
p9369,僷僠僗儘丂儅僋儘僗僨儖僞,0,0,0,0,0,1000,1000
p9697,俽徫僁偣偉傞偡傑傫係,0,0,0,0,0,1000,2666
p9523,俽惞摤巑惎栴丂柣墹暅妶,0,0,0,0,0,1000,1000
p9276,俽丂俴倳們倠倷奀暔岅,0,0,0,0,0,1000,1000
p9621,俽俀侽俀俈俢俛,0,0,0,0,0,1000,1000
p9429,俽丂偆偟偍偲偲傜丂棆憚堦慚,0,0,0,0,0,1000,1000
p9690,俠俼俤俙丂俶倕倵僋儗傾偺旈曮揱,0,0,0,0,0,1000,1000
p9316,惌廆俁,0,0,0,0,0,1000,1000
p9530,僷僠僗儘弔堦斣,0,0,0,0,0,1000,1000
p9677,僠僶儕儓乚俀俆,0,0,0,0,0,1000,1000
p9585,廫帤壦俆,0,0,0,0,0,1000,1000
p9513,僔儞僨儗儔僽儗僀僪係,0,0,0,0,0,1000,1000
p9442,僷僠僗儘丂儘儕僋儔仚傎乕傞偳両,0,0,0,0,0,1000,1000
p9392,僠僶儕儓乚俁侽,0,0,0,0,0,1000,1000
p9290,僷僠僗儘丂僼儗乕儉傾乕儉僘丒僈乕儖,0,0,0,0,0,1000,1000
p9212,僴僀僷乕僽儔僢僋僕儍僢僋,0,0,0,0,0,1000,1000
p6460,僉儞僌僴僫僴僫乚俁侽,0,0,0,0,0,1000,1000
p9617,僗乕僷乕僴僫僴僫俀乚俁侽,0,0,0,0,0,1000,1000
p9501,僴僫僴僫儂僂僆僂乣揤隳乣,0,0,0,0,0,1000,1000
p7687,壂撽僼僃僗僥傿僶儖乚俁侽,0,0,0,0,0,1000,1000
p9502,僴僫僴僫儂僂僆僂乣揤隳乣乚俁侽,0,0,0,0,0,1000,1000
p9339,僗乕僷乕僴僫僴僫,0,0,0,0,0,1000,1000
p9267,僯儏乕僴僫僴僫僑乕儖僪乚俁侽,0,0,0,0,0,1000,
p9486,壂儚僯儅儖乚俁侽,0,0,0,0,0,1000,1000
p9485,壂儚僯儅儖乚俀俆,0,0,0,0,0,1000,1000
p9542,怴悽婭僄償傽儞僎儕僆儞丂乣嵃偺嫟柭乣,0,0,0,0,0,1000,1000
p9325,僷僠僗儘丂傾僀僪儖儅僗僞乕丂儈儕僆儞儔僀僽両,0,0,0,0,0,1000,1000
p9202,僔儍傾愱梡僷僠僗儘丂媡廝偺愒偄渁惎,0,0,0,0,0,1000,1000
p9668,僷僠僗儘丂俥俙俬俼倄丂俿俙俬俴俀,0,0,0,0,0,1000,1000
p9515,僷僠僗儘丂儕儞僌丂塣柦偺昩崗,0,0,0,0,0,1000,1000
p9628,俽僉儍僢僣丒傾僀,0,0,0,0,0,1000,1000
p9497,庡栶偼慘宍俁,0,0,0,0,0,1000,1000
p9388,僷僠僗儘僈乕儖僘仌僷儞僣傽乕丂寑応斉,0,0,0,0,0,1000,1000
p9364,婼昹敋憱峠楡戉丂嫸摤椃忣曇,0,0,0,0,0,1000,1000
p9320,儚儞僠儍儞僗丂侾侽侽侽,0,0,0,0,0,1000,1000
p9630,僔儕僂僗,0,0,0,0,0,1000,1000
p9346,僨僕僗儘,0,0,0,0,0,1000,1000
p9349,崑墛崅峑滀墖殻丂烔,0,0,0,0,0,1000,1000
p9331,僯儏乕僷儖僒乕俽俹俬俬俬,0,0,0,0,0,1000,1000
p9347,僷僠僗儘俙値倗倕倢丂俛倕倎倲倱両,0,0,0,0,0,1000,1000
p9332,愨懳徴寖俬俬俬,0,0,0,0,0,1000,1000
p9226,俹俙俠俫俬俽俴俷俿丂儕儞僌偵偐偗傠侾丂儚乕儖僪僠儍儞僺僆儞僇乕僯僶儖曇,0,0,0,0,0,1000,1000
p9658,僷僠僗儘丂怴婼晲幰俀,0,0,0,0,0,1000,1000
p9516,僷僠僗儘儌儞僗僞乕僴儞僞乕丗儚乕儖僪俿俵丂墿嬥庪椔,0,0,0,0,0,1000,1000
p9376,僷僠僗儘丂昐壴銍棎丂僒儉儔僀僈乕儖僘,0,0,0,0,0,1000,1000
p9255,僷僠僗儘丂儌儞僗僞乕僴儞僞乕丗儚乕儖僪俿俵,0,0,0,0,0,1000,1000
p9675,僷僠僗儘俛俷俷倂倄,0,0,0,0,0,1000,1000
p9561,傁偪僗儘丂僊儍僌僟乕,0,0,0,0,0,1000,1000
p9382,傁偪僗儘丂壂僴僫乚俁侽,0,0,0,0,0,1000,1000
p9258,傾僇儊偑巃傞両,0,0,0,0,0,1000,1000
p9284,僷僠僗儘壴偺宑師乣晲埿,0,0,0,0,0,1000,1000
p9568,僷僠僗儘尵偄栿偼偝偣側偄傢傛丂倐倷丂寖抎枿,0,0,0,0,0,1000,1000
p9669,儃儞僶乕僈乕儖,0,0,0,0,0,1000,1000
p9526,僴僀僗僋乕儖俢亊俢俀丂僴乕儗儉墹偵壌偼側傞,0,0,0,0,0,1000,1000
p9438,儅僕僇儖僴儘僂傿儞乣俿倰倝們倠丂倧倰丂俿倰倕倎倲両乣,0,0,0,0,0,1000,1000
p9405,俧俬桪弜嬩妝晹俁,0,0,0,0,0,1000,1000
p9281,杻悵奿摤嬩妝晹丂恀,0,0,0,0,0,1000,1000
p9246,乣僈乕儖僘働僀儕儞乣俧俬僼僃傾儕乕僌儔儞僾儕,0,0,0,0,0,1000,1000
p9539,墴擡両斣挿倅俤俼俷,0,0,0,0,0,1000,1000
p9426,傕偭偲両僋儗傾偺旈曮揱丂彈恄偺壧惡偲懢梲偺巕嫙払,0,0,0,0,0,1000,1000
p9682,俽傾僶僒乕,0,0,0,0,0,1000,1000
p9522,僷僠僗儘偆傑偄朹,0,0,0,0,0,1000,1000
p9379,僷僠僗儘揝対係僨價儖倁倕倰丏,0,0,0,0,0,1000,1000
p9289,僷僠僗儘丂僑僢僪僀乕僞乕丂僕丒傾僯儊乕僔儑儞,0,0,0,0,0,1000,1000
p9251,僷僠僗儘妛墍栙帵榐僴僀僗僋乕儖丒僆僽丒僓丒僨僢僪丂僑乕儖僪,0,0,0,0,0,1000,1000
p9352,僷僠僗儘丂倂倎倠倕丂倀倫丆丂俧倝倰倢倱両俽倕倴倕値丂俵倕倣倧倰倝倕倱,0,0,0,0,0,1000,1000
p9603,俽僗乕僷乕奀暔岅丂俬俶丂俰俙俹俙俶嵳,0,0,0,0,0,1000,1000
p9230,俽徫僁偣偉傞偡傑傫愨徫,0,0,0,0,0,1000,1000
p9691,僷僠僗儘丂僶僀僆僴僓乕僪丂俼俤丗俀,0,0,0,0,0,1000,5458
p9564,僷僠僗儘丂僨價儖丂儊僀丂僋儔僀丂俆,0,0,0,0,0,1000,1000
p9303,僷僠僗儘丂僶僀僆僴僓乕僪俈丂儗僕僨儞僩丂僀乕價儖,0,0,0,0,0,1000,1000
p9680,僗乕僷乕儕僆僄乕僗,0,0,0,0,0,1000,1000
p9632,僷僠僗儘丂僺儞僋僷儞僒乕俽俹,0,0,0,0,0,1000,1000
p9599,僷僠僗儘丂僛乕僈儁僀儞俀,0,0,0,0,0,1000,1000
p9439,僯儏乕僷儖僒乕俢倃俁,0,0,0,0,0,1000,1000
p9556,俛俴俙俠俲丂俴俙俧俷俷俶丂倅俤俼俷丂倐倳倢倢倕倲丂俵俙倃,0,0,0,0,0,1000,
p9492,僷僠僗儘俧俙俶俿倅嬌丂俿俫俤丂俽倀俼倁俬倁俙俴丂俧俙俵俤,0,0,0,0,0,1000,1000
p9609,傁偪僗儘丂僂儖僩儔儅儞僞儘僂丂朶孨俽俹俤俠,0,0,0,0,0,1000,1000
p9654,僷僠僗儘將栭嵆,0,0,0,0,0,1000,1000
p9687,俽丂俛俬俧搰塖俁侽,0,0,0,0,0,1000,1000
p9514,儅僀僕儍僌儔乕倁,0,0,0,0,0,1000,1000
p9126,傾僀儉僕儍僌儔乕俤倃,0,0,0,0,0,1000,1000
p6534,嫄恖偺惎倁,1,1,0,0,0,1000,1000
p6742,夓楾揱愢仚憃寕,2,2,0,0,0,1000,1000
p6169,僔僗僞乕僋僄僗僩俀杺寱偺婻巑偲敀嬧偺涋彈,1,1,0,0,0,1000,1000
p9511,朅惙,1,1,0,0,0,1000,1000
p8531,俽俴俷俿杺朄彮彈傑偳偐仚儅僊僇俙,4,7,0,0,0,1000,1000
p8489,俽俴俷俿僨價儖儅儞兇,1,1,0,0,0,1000,1000
p8395,俽俴俷俿僊儖僥傿僋儔僂儞,1,1,0,0,0,1000,1000
p8212,俽俴俷俿僶僕儕僗僋丂峛夑擡朄挓俬俬俬,2,2,0,0,0,1000,1000
p7910,僨價儖儅儞嘨丂埆杺僲栙帵榐,1,2,0,0,0,1000,1000
p7340,椢僪儞倁俬倁俙俀,1,1,0,0,0,1000,1000
p7272,僶僕儕僗僋乣峛夑擡朄挓乣鉐,3,7,0,0,0,1000,1000
p6927,儈儕僆儞僑僢僪恄乆偺宯晥倅俤倀俽倴倕倰丏,3,3,0,0,0,1000,1000
p6907,俽俴俷俿夊楾,1,1,0,0,0,1000,1000
p6759,僪儞偪傖傫嵳,1,1,0,0,0,1000,1000
p6120,椢僪儞倁俬倁俙両忣擬撿暷曇,1,1,0,0,0,1000,1000
p9081,僷僠僗儘侾侽侽侽偪傖傫,3,3,0,0,0,1000,1000
p8998,俷倁俤俼乚俽俴俷俿乽俙俬俶倅丂俷俷俙俴丂俧俷倂俶愨懳巟攝幰岝椪乿,3,9,0,0,0,1000,1000
p7543,傂偖傜偟偺側偔崰偵鄪,1,1,0,0,0,1000,1000
p6962,僗儁僔儍儖僕儍僢僋億僢僩,2,2,0,0,0,1000,1000
p9111,僷僠僗儘丂惵婼,2,4,0,0,0,1000,
p9032,摤嵃宲彸傾儞僩僯僆挅栘偲偄偆柤偺僷僠僗儘婡,1,1,0,0,0,1000,
p9007,僷僠僗儘丂儔僽忟俀,2,2,0,0,0,1000,1000
p8957,僷僠僗儘丂僈乕儖僘仌僷儞僣傽乕俧乣偙傟偑巹偺愴幵摴偱偡両乣,3,7,0,0,0,1000,1000
p8890,僷僠僗儘墿栧偪傖傑倁彈恄惙乚俵俤俧俙俵俷俼俬乚,2,2,0,0,0,1000,1000
p8640,僷僠僗儘墿栧偪傖傑倁,2,3,0,0,0,1000,1000
p8558,壋彈儅僗僞乕僘丂嬻傪隳傞敀偒婳愓,3,3,0,0,0,1000,1000
p8347,僷僠僗儘丂崟恄丂俿倛倕丂俙値倝倣倎倲倝倧値,1,1,0,0,0,1000,1000
p8280,僷僠僗儘丂僛僋僗僀僌僯僢僔儑儞,2,2,0,0,0,1000,1000
p8017,傔偧傫堦崗丂嶗偺壓偱,2,2,0,0,0,1000,1000
p7929,愴崙壋彈俀丂怺暎偵婸偔婥崅偒彨惎,1,4,0,0,0,1000,1000
p7857,僈乕儖僘仌僷儞僣傽乕,2,2,0,0,0,1000,1000
p7704,僨價儖僒僶僀僶乕俀,2,2,0,0,0,1000,1000
p7432,傒偳傝偺儅僉僶僆乕撏偗両両擔杮堦偺僑乕儖傊両両,1,1,0,0,0,1000,1000
p7337,儅僕僢僋儌儞僗僞乕俁傇偭偪偓傝両杺奅僌儔儞僾儕,1,2,0,0,0,1000,1000
p7287,庡栶偼慘宍俀,2,2,0,0,0,1000,1000
p6908,杻悵暔岅俀寖摤両杻悵僌儔儞僾儕,1,1,0,0,0,1000,1000
p6542,晄擇巕侾侽侽壄亹偺彈恄,1,1,0,0,0,1000,1000
p8875,儅僀僼儔儚乕俁侽,1,2,0,0,0,1000,1000
p8768,僷僠僗儘 僟儞僕儑儞偵弌夛偄傪媮傔傞偺偼娫堘偭偰偄傞偩傠偆偐,6,7,0,0,0,1000,1000
p8354,僷僠僗儘丂僥僀儖僘丂僆僽丂僔儞僼僅僯傾,2,3,0,0,0,1000,
p8275,傾僀儉僕儍僌儔乕俤倃丂俙値値倝倴倕倰倱倎倰倷俤倓倝倲倝倧値,2,5,0,0,0,1000,1000
p8053,僼傽儞僉乕僕儍僌儔乕,1,2,0,0,0,1000,1000
p7753,儅僀僕儍僌儔乕嘨,1,1,0,0,0,1000,
p7692,偍偲傔梔夦偞偔傠,2,2,0,0,0,1000,1000
p7465,僯儏乕傾僀儉僕儍僌儔乕俤倃乚俲俿,2,5,0,0,0,1000,1000
p7312,僴僢僺乕僕儍僌儔乕倁嘦,2,6,0,0,0,1000,1000
p6799,儅僀僕儍僌儔乕嘦,2,3,0,0,0,1000,1000
p6641,僯儏乕傾僀儉僕儍僌儔乕俤倃,2,2,0,0,0,1000,1000
p6504,儈儔僋儖僕儍僌儔乕俲,2,3,0,0,0,1000,1000
p6239,傾僀儉僕儍僌儔乕俙俹俤倃,3,3,0,0,0,1000,1000
p6066,儅僀僕儍僌儔乕,2,4,0,0,0,1000,1000
p4818,儔僽儕乕僕儍僌儔乕俙,2,2,0,0,0,1000,1000
p5477,僋儔僔僢僋僕儍僌儔乕,3,5,0,0,0,1000,1000
p4645,傾僀儉僕儍僌儔乕俈,2,3,0,0,0,1000,1000
p8772,傁偪僗儘 僎僢僞乕儘儃,2,2,0,0,0,1000,1000
p8391,傁偪僗儘丂俹俽倄俠俫俷乚俹俙俽俽丂僒僀僐僷僗,2,2,0,0,0,1000,1000
p7453,傁偪僗儘昁嶦巇帠恖,3,5,0,0,0,1000,1000
p7109,俙俲俛係俉,2,3,0,0,0,1000,1000
p9158,夞摲栙帵榐僇僀僕乣徖乣,1,1,0,0,0,1000,1000
p9136,僷僠僗儘丂僼傽儞僞僔乕僗僞乕僆儞儔僀儞俀,3,3,0,0,0,1000,1000
p8649,僷僠僗儘僨傿僗僋傾僢僾,4,12,0,0,0,1000,1000
p9207,僷僠僗儘恀丒杒搇柍憃,4,4,0,0,0,1000,1000
p9084,僷僠僗儘岎嬁帊曆僄僂儗僇僙僽儞俁丂俫俬乚俤倁俷俴倀俿俬俷俶丂倅俤俼俷,2,2,0,0,0,1000,1000
p8970,僷僠僗儘偁偺擔尒偨壴偺柤慜傪杔払偼傑偩抦傜側偄丅,3,4,0,0,0,1000,1000
p8820,僷僠僗儘憮揤偺対丂朁桭,5,16,0,0,0,1000,1000
p8763,僷僠僗儘 僠僃僀儞僋儘僯僋儖,5,5,0,0,0,1000,1000
p8460,僷僠僗儘杒搇偺対丂怴揱愢憂憿,1,6,0,0,0,1000,1000
p8362,僷僠僗儘僣僀儞僄儞僕僃儖俛俼俤俙俲,2,3,0,0,0,1000,1000
p8312,僷僠僗儘廱墹丂墹幰偺妎惲,1,1,0,0,0,1000,1000
p8290,僷僠僗儘峌妅婡摦戉俽丏俙丏俠丏丂俀値倓丂俧俬俧,1,1,0,0,0,1000,1000
p8226,僷僠僗儘夊楾丂庣傝偟幰,2,3,0,0,0,1000,1000
p8119,僷僠僗儘杒搇偺対丂廋梾偺崙曆,3,3,0,0,0,1000,1000
p7792,杒搇偺対嫮揋,3,3,0,0,0,1000,1000
p7607,傾儔僕儞俙嘦,2,3,0,0,0,1000,1000
p7407,憮揤偺対俀,1,1,0,0,0,1000,1000
p7275,椫夢偺儔僌儔儞僕僃,1,1,0,0,0,1000,1000
p6737,傾僀僪儖儅僗僞乕儔僀僽僀儞僗儘僢僩,3,3,0,0,0,1000,1000
p6513,杒搇偺対悽婭枛媬悽庡揱愢,3,10,0,0,0,1000,1000
p5915,僷僠僗儘憮揤偺対,3,5,0,0,0,1000,1000
p5669,僷僠僗儘岎嬁帊曆僄僂儗僇僙僽儞,2,4,0,0,0,1000,1000
p5479,夣搻揤巊僣僀儞僄儞僕僃儖俀,2,2,0,0,0,1000,1000
p9063,僷僠僗儘丂僩乕僞儖丒僀僋儕僾僗俀,2,2,0,0,0,1000,1000
p8918,僷僠僗儘丂儃儞僶乕僷儚僼儖俬俬俬,3,6,0,0,0,1000,1000
p8454,僷僠僗儘丂僑儖僑侾俁俽,2,2,0,0,0,1000,1000
p8322,僷僠僗儘丂儅僋儘僗僼儘儞僥傿傾俁,3,3,0,0,0,1000,1000
p8287,僷僠僗儘丂傒傫側偱妝僔乕僒乕,1,1,0,0,0,1000,1000
p8085,愴昉愨彞僔儞僼僅僊傾,2,3,0,0,0,1000,1000
p7847,俬俽丂僀儞僼傿僯僢僩僗僩儔僩僗,1,2,0,0,0,1000,1000
p7215,僞僀僈乕儅僗僋,1,1,0,0,0,1000,1000
p6232,憂惞偺傾僋僄儕僆儞,1,1,0,0,0,1000,1000
p8817,僷僠僗儘惞摤巑惎栴丂奀峜妎惲俽倫倕們倝倎倢,3,7,0,0,0,1000,1000
p8403,僷僠僗儘惞摤巑惎栴丂奀峜妎惲,3,10,0,0,0,1000,1000
p7813,僋僕儔僢僉乕,2,2,0,0,0,1000,1000
p6350,徫僁偣偉傞偡傑傫,1,1,0,0,0,1000,1000
p6062,僺儞億儞,1,1,0,0,0,1000,1000
p5163,堦婻摉愮俙,1,1,0,0,0,1000,1000
p9241,僷僠僗儘幍偮偺戝嵾,2,3,0,0,0,1000,1000
p9147,僷僠僗儘乹暔岅乺僔儕乕僘丂僙僇儞僪僔乕僘儞,4,8,0,0,0,1000,1000
p9040,僷僠僗儘杒搇偺対丂揤徃,2,4,0,0,0,1000,1000
p8575,僷僠僗儘愴応偺償傽儖僉儏儕傾,1,1,0,0,0,1000,1000
p8032,價僢僌僪儕乕儉倝値儘僗僩傾僀儔儞僪俀,3,4,0,0,0,1000,1000
p7469,僶乕僠儍僼傽僀僞乕倅俽,2,2,0,0,0,1000,1000
p7296,僌儔僢僾儔乕恘夊,1,1,0,0,0,1000,1000
p9107,扵掋僆儁儔丂儈儖僉傿儂乕儉僘丂侾乛俀偺婏愓,1,1,0,0,0,1000,
p8941,僗乕僷乕僪儔僑儞,3,7,0,0,0,1000,1000
p8919,揤惏両儌僌儌僌晽椦壩嶳丂慡崙惂攅斉,3,6,0,0,0,1000,1000
p8266,僪儕僗僞偣偐傫偳,2,2,0,0,0,1000,1000
p8110,僾儕僔儔偲杺朄偺杮,3,3,0,0,0,1000,1000
p9581,壂撽僼僃僗僥傿僶儖乚俁侽,2,4,0,0,0,1000,1000
p9340,僗乕僷乕僴僫僴僫乚俁侽,2,15,0,0,0,1000,1000
p9151,價僢僌僔僆乚俁侽,1,3,0,0,0,1000,1000
p8968,僴僀僴僀僔僆僒僀,1,1,0,0,0,1000,1000
p8647,僔乕僋儗僢僩僴僀價僗僇僗,1,1,0,0,0,1000,1000
p8579,僯儏乕僔僆僒僀乚俁侽,1,1,0,0,0,1000,1000
p8508,僌儗乕僩僉儞僌僴僫僴僫,2,3,0,0,0,1000,1000
p7808,僴僫僴僫儂僂僆僂俤倃乚俁侽,1,1,0,0,0,1000,1000
p7291,僋僀乕儞僆傾僔僗,1,1,0,0,0,1000,1000
p7112,儔僋儔僋價僗僇僗,1,1,0,0,0,1000,1000
p6140,僗儁僔儍儖僴僫僴僫嘦乚俁侽,2,10,0,0,0,1000,1000
p8709,僷僠僗儘 儀儞丒僩乕 楾偨偪偺栭,1,1,0,0,0,1000,1000
p8447,僷僠僗儘丂儘儃僢僩僈乕儖僘倅,2,3,0,0,0,1000,1000
p9164,僄償傽儞僎儕僆儞丂僼僃僗僥傿僶儖,2,2,0,0,0,1000,1000
p9035,僷僠僗儘丂憮鈛偺僼傽僼僫乕丂俤倃俷俢倀俽,3,3,0,0,0,1000,1000
p9031,僇乕僪僶僩儖僷僠僗儘丂僈儞僟儉丂僋儘僗僆乕僶乕,2,3,0,0,0,1000,
p8656,僷僠僗儘 僩乕僞儖丒僀僋儕僾僗俴倴丏俵俙倃-俼俿,4,5,0,0,0,1000,1000
p8252,儜償傽儞僎儕儝儞丒彑棙傊偺婅偄,2,5,0,0,0,1000,1000
p7305,儜償傽儞僎儕儝儞乣寛堄偺崗乣,1,1,0,0,0,1000,1000
p7266,婡摦愴巑僈儞僟儉,2,2,0,0,0,1000,1000
p6993,俤倁俙俶俧俤俴俬俷俶,2,2,0,0,0,1000,1000
p6345,僒儉儔僀俈,2,2,0,0,0,1000,1000
p5818,怴悽婭僄償傽儞僎儕僆儞乣嵃偺婳愓乣,1,1,0,0,0,1000,1000
p8722,撿崙堢偪 挶乆ver,5,10,0,0,0,1000,1000
p9141,俽抧崠彮彈丂偁偲偼偁側偨偑寛傔傞偙偲傛,2,3,0,0,0,1000,1000
p9029,俽丂庺墔丂嵞抋俙俿,1,1,0,0,0,1000,1000
p8442,僷僠僗儘丂悽奅偱偄偪偽傫嫮偔側傝偨偄両,1,1,0,0,0,1000,1000
p8328,僷僠僗儘丂庺墔,2,3,0,0,0,1000,1000
p7834,抧崠彮彈,2,2,0,0,0,1000,1000
p9277,愴崙壋彈俁乣揤寱傪宲偖傕偺乣,2,2,0,0,0,1000,
p9222,懳杺摫妛墍俁俆帋尡彫戉,2,2,0,0,0,1000,1000
p9057,俽儖僷儞嶰悽丂僀僞儕傾偺柌,4,9,0,0,0,1000,1000
p9012,僷僠僗儘丂撿崙柡俀,2,3,0,0,0,1000,1000
p8975,僗乕僷乕價儞僑僊儍儔僋僔乕,2,2,0,0,0,1000,
p7481,僗乕僷乕價儞僑僱僆,1,2,0,0,0,1000,1000
p9219,傾僫僞乕偺僆僢僩両丠偼乕偱偡,7,12,0,0,0,1000,1000
p9114,俽俴俷俿僶僕儕僗僋乣峛夑擡朄挓乣鉐俀,7,18,0,0,0,1000,1000
p8500,俽俴俷俿夽両両抝弇,2,2,0,0,0,1000,1000
p7299,傾僫僓乕僑僢僪僴乕僨僗扗傢傟偨倅俤倀俽倴倕倰丏,4,26,0,0,0,1000,1000
p9163,僷僠僗儘丂儌儞僉乕僞乕儞俬倁,2,2,0,0,0,1000,1000
p8996,僷僠僗儘丂俿俬俧俤俼丂仌丂俛倀俶俶倄,1,1,0,0,0,1000,1000
p8946,僷僠僗儘揝対係,5,5,0,0,0,1000,1000
p8800,僗乕僷乕儕僲XX,1,1,0,0,0,1000,1000
p8605,僇儞僼乕儗僨傿丒僥僩儔,1,1,0,0,0,1000,1000
p8518,僯儏乕僷儖僒乕俽俹嘦,2,5,0,0,0,1000,1000
p8331,僞僀儉僋儘僗俀,1,1,0,0,0,1000,1000
p8249,僷僠僗儘丂儌儞僉乕僞乕儞俬俬俬,1,1,0,0,0,1000,1000
p8165,僷僠僗儘丂僂傿僢僠儅僗僞乕,2,2,0,0,0,1000,1000
p8128,揤壓晍晲俁,1,1,0,0,0,1000,1000
p8031,僗乕僷乕儕僲俵俙倃,2,2,0,0,0,1000,1000
p7118,僛乕僈儁僀儞,1,1,0,0,0,1000,1000
p7065,僉儍僾僥儞僷儖僒乕,2,2,0,0,0,1000,1000
p6961,塅拡愴娡儎儅僩俀乣僥儗僒丄垽偺摫偒乣,1,1,0,0,0,1000,1000
p6913,僉儏儘僑僗俀,1,1,0,0,0,1000,1000
p6833,僉儞擏儅儞僉儞擏惎墹埵憟扗曇,2,2,0,0,0,1000,1000
p6778,墴擡両両崑墛崅峑滀墖殻,2,3,0,0,0,1000,1000
p6724,僯儏乕僷儖僒乕俽俹,2,2,0,0,0,1000,1000
p6689,揝対僨價儖倁倕倰丏,2,3,0,0,0,1000,1000
p6637,嬧壨揝摴俋俋俋,1,3,0,0,0,1000,1000
p6560,僷僠僗儘揝対俀値倓,2,2,0,0,0,1000,1000
p5202,僷僠僗儘乽僶僀僆僴僓乕僪乿,1,1,0,0,0,1000,
p8198,僷僠僗儘將栭嵆乽2016擭乿,1,1,0,0,0,1000,1000
p7580,僒儔儕乕儅儞嬥懢榊弌悽夞摲曇,1,1,0,0,0,1000,1000
p7030,怴婼晲幰嵞椪,1,3,0,0,0,1000,1000
p6649,儌儞僗僞乕僴儞僞乕,3,7,0,0,0,1000,1000
p6131,壌偺嬻乣憮偒惓媊嵃乣,1,1,0,0,0,1000,1000
p5392,僇僀僕俀,1,1,0,0,0,1000,1000
p9181,墴擡両僒儔儕乕儅儞斣挿俀,6,8,0,0,0,1000,1000
p8721,HEY!嬀,2,3,0,0,0,1000,1000
p8595,墴擡両斣挿俙,2,4,0,0,0,1000,1000
p8459,惌廆俀,2,5,0,0,0,1000,1000
p8363,擡嵃丂嬇僲復,3,4,0,0,0,1000,1000
p8215,墴擡両斣挿俁,2,15,0,0,0,1000,1000
p8138,俁亊俁俤倄俤俽丂惞杺妎惲,1,1,0,0,0,1000,1000
p7770,僕儍僢僇僗僠乕儉,1,1,0,0,0,1000,1000
p7482,墴擡両僒儔儕乕儅儞斣挿,3,17,0,0,0,1000,1000
p7093,擡嵃擉楏壩僲復,2,2,0,0,0,1000,1000
p6820,僋儗傾偺旈曮揱偼偠傑傝偺斷偲懢梲偺愇,1,1,0,0,0,1000,1000
p6491,墴擡両斣挿俀,2,2,0,0,0,1000,1000
p6434,惌廆,1,2,0,0,0,1000,1000
p6200,旈曮揱晻偠傜傟偨彈恄,2,5,0,0,0,1000,1000
p9093,僗僇僀僈乕儖僘乣僛儘僲僣僶僒乣,4,5,0,0,0,1000,1000
p8922,幚嫷俛俬俶俧俷嬩妝晹,2,3,0,0,0,1000,1000
p8619,儅僕僇儖僴儘僂傿儞俇,3,4,0,0,0,1000,1000
p8274,杊嬻彮彈儔僽僉儏乕儗,1,1,0,0,0,1000,1000
p8235,俧俬桪弜嬩妝晹,2,2,0,0,0,1000,1000
p7939,儅僕僇儖僴儘僂傿儞俆,4,7,0,0,0,1000,1000
p7237,寖摤両惣梀婰,1,1,0,0,0,1000,1000
p5762,儅僕僇儖僴儘僂傿儞俀,2,2,0,0,0,1000,1000
p5451,儅僕僇儖僴儘僂傿儞俼,1,1,0,0,0,1000,1000
p6749,僗乕僷乕俆,1,3,0,0,0,1000,1000
p9189,僷僠僗儘丂俛俴俙俠俲丂俴俙俧俷俷俶係,2,6,0,0,0,1000,1000
p7498,俛俴俙俠俲丂俴俙俧俷俷俶俀,1,3,0,0,0,1000,1000
p7190,栆屨壴宍,2,2,0,0,0,1000,1000
p6715,揝偺儔僀儞僶儗儖,1,1,0,0,0,1000,1000
p9132,怴婼晲幰乣俢俙倂俶丂俷俥丂俢俼俤俙俵俽乣,5,7,0,0,0,1000,1000
p8183,僷僠僗儘丂儌儞僗僞乕僴儞僞乕丂嫸棾愴慄,1,5,0,0,0,1000,1000
p8014,僗乕僷乕僗僩儕乕僩僼傽僀僞乕俬倁丂僷僠僗儘僄僨傿僔儑儞,1,1,0,0,0,1000,1000
p7336,儌儞僗僞乕僴儞僞乕寧壓棆柭,5,6,0,0,0,1000,1000
p8921,怴悽婭僄償傽儞僎儕僆儞丂朶憱係侽侽,2,2,0,0,0,1000,1000
p8574,怴悽婭僄償傽儞僎儕僆儞丂傑偛偙傠傪丄孨偵俀,2,3,0,0,0,1000,1000
p7873,昐壴銍棎僒儉儔僀僈乕儖僘,2,2,0,0,0,1000,1000
p9092,壴揱,1,1,0,0,0,1000,
p8812,搰娍乚俁侽,1,1,0,0,0,1000,
p8073,僙僽儞僗價乕僩,1,2,0,0,0,1000,1000
p7790,僗僇僀僈乕儖僘乣僛儘丄傆偨偨傃乣,2,2,0,0,0,1000,1000
p6286,儅僕僇儖僴儘僂傿儞俁,1,1,0,0,0,1000,1000
p9174,俽儎僢僞乕儅儞愨懳惓媊,1,1,0,0,0,1000,1000
p9152,僷僠僗儘嶇乚俽倎倠倝乚,1,1,0,0,0,1000,1000
p9170,俽僷僠僗儘僟僀僫儅僀僩僉儞僌嬌,2,3,0,0,0,1000,1000
p8885,僷僠僗儘偍偦徏偝傫乣嬃乣,2,2,0,0,0,1000,1000
p8241,僷僠僗儘偍偦徏偝傫,1,1,0,0,0,1000,1000
p9055,僷僠僗儘丂僒儔儕乕儅儞嬥懢榊乣俵俙倃乣,2,3,0,0,0,1000,1000
p8816,愴崙僷僠僗儘壴偺宑師乣揤傪慂偮愴憚乣崉媩倴倕倰丏,4,10,0,0,0,1000,1000
p8224,僷僠僗儘倅俤俿俵俙俶,1,1,0,0,0,1000,1000
p7839,愴崙僷僠僗儘壴偺宑師乣愴嬌傔偟孹婏幰偺墐乣,1,1,0,0,0,1000,1000
p8829,傁偪僗儘俙俲俛係俉丂僄儞僕僃儖,2,2,0,0,0,1000,1000
p9154,壂僪僉両俀乚俁侽,2,3,0,0,0,1000,1000
p9155,僒儞僟乕倁儔僀僩僯儞僌,6,10,0,0,0,1000,1000
p8924,僴僫價捠,3,3,0,0,0,1000,1000
p8882,僪儞偪傖傫俀,4,4,0,0,0,1000,1000
p8679,壂僪僉!僶働乕僔儑儞,1,3,0,0,0,1000,1000
p8179,僋儔儞僉乕僙儗僽儗乕僔儑儞,3,3,0,0,0,1000,1000
p7630,僴僫價乮傾僋儘僗乯,3,7,0,0,0,1000,1000
p7494,壂僪僉両,3,5,0,0,0,1000,1000
p8984,俽俴俷俿寑応斉杺朄彮彈傑偳偐仚儅僊僇乵怴曇乶斁媡偺暔岅,7,16,0,0,0,1000,1000
p8909,俽俴俷俿僊儍儔僈,2,2,0,0,0,1000,1000
p8735,SLOT僼傽儈儕乕僗僞僕傾儉,2,2,0,0,0,1000,1000
p7455,傗偠偒偨摴拞婰壋,2,2,0,0,0,1000,1000
p7039,婼偺忛,1,1,0,0,0,1000,1000
p8964,僷僠僗儘丂揤尦撍攋僌儗儞儔僈儞,2,3,0,0,0,1000,
p8942,挻俙俿丂旤傜壂,2,2,0,0,0,1000,
p8813,僷僠僗儘丂儘乕僪丂僆僽丂償傽乕儈儕僆儞丂俼倕丗,1,1,0,0,0,1000,
p8525,僷僠僗儘丂俛俴俙俠俲丂俴俙俧俷俷俶俁,2,2,0,0,0,1000,1000
p8127,僷僠僗儘丂儘乕僪僆僽償傽乕儈儕僆儞,2,2,0,0,0,1000,1000
p7961,俹俙俠俫俬俽俴俷俿丂俶俬俶俰俙丂俧俙俬俢俤俶,2,3,0,0,0,1000,1000
p7640,儀儖僙儖僋,1,1,0,0,0,1000,1000
p7684,儈儕僆儞僑僢僪恄乆偺奙慁,4,54,0,0,0,1000,1000
p8473,僩儘僺僇儖俲俬俽俽丂僗僂傿乕僩倁倕倰,1,1,0,0,0,1000,1000
p8445,恄偺嵍庤丂埆杺偺塃栚,1,1,0,0,0,1000,1000
p9208,僷僠僗儘尵偄栿偼偝偣側偄傢傛両倐倷抎枿,1,1,0,0,0,1000,1000
p9512,俽夊楾乚墿嬥婻巑乚,1,1,0,0,0,1000,
p9244,媑廆俁,2,3,0,0,0,1000,1000
p9003,僶儞僶儞僋儘僗,1,1,0,0,0,1000,
p9061,儅僕僇儖僴儘僂傿儞俈,2,3,0,0,0,1000,1000
p9011,僪儔僑儞儂僀乕儖,3,3,0,0,0,1000,1000
p8981,杻悵奿摤嬩妝晹嶲,6,8,0,0,0,1000,1000
p8838,俧俬桪弜嬩妝晹俀,6,6,0,0,0,1000,1000
p8781,愴僐儗! 懽暯彈孨 摽愳壠峃,1,1,0,0,0,1000,
p9091,俽儕儞僌丂嫲廝僲楢嵔,1,1,0,0,0,1000,
p9066,俽嬺楈乚楇乚丂塣柦棎乣偆傫傔偄偺傒偩傟乣,2,2,0,0,0,1000,1000
p9123,僷僠僗儘丂働儘僢僩係,3,3,0,0,0,1000,1000
p9054,揤壓晍晲係,4,6,0,0,0,1000,1000
p9142,僗僫僀僷僀俈侾,3,4,0,0,0,1000,1000
p9209,俷倅乚侾,2,8,0,0,0,1000,1000
